"last_name, first_name",player_id,year,pa,bip,ba,est_ba,est_ba_minus_ba_diff,slg,est_slg,est_slg_minus_slg_diff,woba,est_woba,est_woba_minus_woba_diff,era,xera,era_minus_xera_diff
"Alcantara, Sandy",645261,2026,894,673,0.248,0.25,-0.002,0.389,0.376,0.013,0.306,0.301,0.005,3.87,3.81,0.059
"Sánchez, Cristopher",650911,2026,857,574,0.255,0.237,0.018,0.37,0.366,0.004,0.296,0.285,0.011,2.91,3.39,-0.477
"Wacha, Michael",608379,2026,812,593,0.226,0.242,-0.0159999999999999,0.416,0.409,0.007,0.303,0.308,-0.005,3.32,4.01,-0.691
"Rodriguez, Eduardo",593958,2026,788,582,0.24,0.251,-0.011,0.376,0.415,-0.0389999999999999,0.3,0.318,-0.018,2.9,4.3,-1.405
"Bibee, Tanner",676440,2026,780,570,0.246,0.252,-0.006,0.419,0.42,-0.001,0.316,0.32,-0.004,4.36,4.35,0.006
"Baz, Shane",669358,2026,769,546,0.262,0.255,0.007,0.395,0.399,-0.004,0.315,0.317,-0.002,4.11,4.27,-0.162
"Schlittler, Cam",693645,2026,761,465,0.185,0.206,-0.0209999999999999,0.3,0.326,-0.026,0.243,0.262,-0.019,1.95,2.85,-0.898
"Valdez, Framber",664285,2026,758,542,0.253,0.258,-0.005,0.37,0.385,-0.015,0.315,0.321,-0.006,4.03,4.38,-0.346
"King, Michael",650633,2026,757,514,0.221,0.24,-0.0189999999999999,0.346,0.403,-0.057,0.295,0.322,-0.027,3.21,4.42,-1.209
"Lugo, Seth",607625,2026,751,554,0.295,0.276,0.0189999999999999,0.48,0.453,0.0269999999999999,0.36,0.343,0.0169999999999999,5.17,5.09,0.08
"Gilbert, Logan",669302,2026,750,489,0.223,0.23,-0.007,0.405,0.385,0.02,0.299,0.294,0.005,3.73,3.63,0.096
"Gore, MacKenzie",669022,2026,750,498,0.241,0.244,-0.003,0.395,0.39,0.005,0.315,0.314,0.001,4.58,4.18,0.398
"Gausman, Kevin",592332,2026,750,518,0.259,0.25,0.009,0.42,0.41,0.01,0.316,0.309,0.007,4.51,4.03,0.478
"Bradley, Taj",671737,2026,748,463,0.214,0.227,-0.013,0.36,0.38,-0.02,0.294,0.307,-0.013,3.73,3.98,-0.245
"Messick, Parker",800048,2026,747,501,0.217,0.225,-0.008,0.352,0.34,0.0119999999999999,0.274,0.275,-0.001,2.56,3.15,-0.59
"McLean, Nolan",690997,2026,747,468,0.214,0.219,-0.005,0.331,0.339,-0.008,0.288,0.294,-0.006,3.16,3.63,-0.474
"Williams, Gavin",668909,2026,746,431,0.213,0.22,-0.007,0.379,0.396,-0.017,0.294,0.302,-0.008,3.76,3.84,-0.081
"Cameron, Noah",702070,2026,746,525,0.238,0.245,-0.007,0.398,0.405,-0.007,0.306,0.312,-0.006,4.11,4.12,-0.009
"Soriano, José",667755,2026,745,494,0.235,0.249,-0.014,0.347,0.392,-0.045,0.301,0.323,-0.022,3.91,4.45,-0.542
"Nola, Aaron",605400,2026,744,506,0.262,0.243,0.019,0.482,0.419,0.063,0.346,0.314,0.0319999999999999,4.67,4.18,0.491
"Kirby, George",669923,2026,741,543,0.287,0.263,0.0239999999999999,0.448,0.408,0.04,0.341,0.315,0.026,4.33,4.21,0.118
"Detmers, Reid",672282,2026,740,475,0.213,0.219,-0.006,0.341,0.364,-0.0229999999999999,0.269,0.281,-0.012,3.36,3.3,0.057
"Peralta, Freddy",642547,2026,730,503,0.247,0.234,0.0129999999999999,0.413,0.371,0.0419999999999999,0.323,0.302,0.021,4.42,3.84,0.58
"Luzardo, Jesús",666200,2026,730,446,0.214,0.204,0.01,0.329,0.303,0.026,0.274,0.261,0.013,2.85,2.83,0.025
"Abbott, Andrew",671096,2026,729,520,0.257,0.261,-0.004,0.431,0.437,-0.006,0.334,0.338,-0.004,4.61,4.92,-0.312
"Singer, Brady",663903,2026,725,522,0.295,0.284,0.011,0.497,0.481,0.016,0.376,0.368,0.008,5.85,5.99,-0.143
"Martinez, Nick",607259,2026,722,584,0.249,0.263,-0.014,0.4,0.412,-0.0119999999999999,0.295,0.307,-0.012,3.1,3.98,-0.88
"Griffin, Foster",656492,2026,721,508,0.248,0.262,-0.014,0.404,0.414,-0.0099999999999999,0.311,0.32,-0.009,3.6,4.35,-0.753
"Burke, Sean",680732,2026,716,459,0.225,0.228,-0.003,0.38,0.373,0.007,0.302,0.3,0.002,3.34,3.78,-0.438
"Skenes, Paul",694973,2026,712,451,0.227,0.216,0.011,0.379,0.35,0.029,0.296,0.281,0.0149999999999999,3.82,3.3,0.52
"Kay, Anthony",641743,2026,710,499,0.262,0.265,-0.003,0.423,0.419,0.004,0.339,0.342,-0.003,4.44,5.05,-0.607
"Woo, Bryan",693433,2026,710,488,0.231,0.24,-0.0089999999999999,0.367,0.385,-0.018,0.285,0.296,-0.011,4.01,3.68,0.326
"Yamamoto, Yoshinobu",808967,2026,708,477,0.182,0.211,-0.0289999999999999,0.308,0.335,-0.027,0.242,0.266,-0.024,2.53,2.94,-0.41
"Cavalli, Cade",676917,2026,706,442,0.232,0.232,0.0,0.352,0.361,-0.009,0.292,0.296,-0.004,3.02,3.68,-0.656
"Imanaga, Shota",684007,2026,706,488,0.233,0.235,-0.0019999999999999,0.432,0.41,0.022,0.309,0.301,0.008,3.77,3.81,-0.041
"Kelly, Merrill",518876,2026,704,516,0.268,0.292,-0.0239999999999999,0.464,0.51,-0.0459999999999999,0.35,0.377,-0.027,4.94,6.35,-1.406
"Ray, Robbie",592662,2026,702,476,0.231,0.247,-0.0159999999999999,0.384,0.419,-0.0349999999999999,0.315,0.335,-0.02,3.59,4.82,-1.234
"McGreevy, Michael",700241,2026,702,538,0.26,0.283,-0.0229999999999999,0.425,0.475,-0.0499999999999999,0.32,0.351,-0.0309999999999999,3.95,5.37,-1.421
"Rogers, Trevor",669432,2026,699,500,0.249,0.239,0.01,0.407,0.387,0.0199999999999999,0.304,0.293,0.011,4.03,3.6,0.431
"Cantillo, Joey",676282,2026,687,429,0.244,0.226,0.0179999999999999,0.387,0.36,0.027,0.324,0.308,0.016,3.62,4.01,-0.387
"Cease, Dylan",656302,2026,685,365,0.18,0.192,-0.012,0.27,0.29,-0.0199999999999999,0.253,0.265,-0.012,2.4,2.92,-0.524
"Gray, Sonny",543243,2026,683,483,0.236,0.249,-0.013,0.372,0.385,-0.013,0.293,0.303,-0.01,2.72,3.87,-1.154
"Pallante, Andre",669467,2026,679,511,0.253,0.262,-0.009,0.366,0.383,-0.017,0.303,0.313,-0.01,3.83,4.15,-0.317
"Warren, Will",701542,2026,677,459,0.261,0.257,0.004,0.434,0.407,0.027,0.329,0.32,0.009,3.92,4.35,-0.427
"Liberatore, Matthew",669461,2026,674,460,0.285,0.266,0.0189999999999999,0.473,0.455,0.0179999999999999,0.356,0.341,0.0149999999999999,5.23,5.02,0.206
"Chandler, Bubba",696149,2026,674,446,0.234,0.236,-0.0019999999999999,0.373,0.38,-0.007,0.316,0.318,-0.002,4.5,4.3,0.2
"Bradish, Kyle",680694,2026,669,454,0.264,0.245,0.019,0.433,0.403,0.0299999999999999,0.34,0.324,0.016,4.12,4.48,-0.357
"Rasmussen, Drew",656876,2026,669,456,0.199,0.227,-0.0279999999999999,0.298,0.343,-0.045,0.243,0.271,-0.028,2.67,3.06,-0.391
"Young, Brandon",687064,2026,669,469,0.252,0.25,0.002,0.409,0.398,0.0109999999999999,0.323,0.319,0.004,3.56,4.32,-0.758
"Webb, Logan",657277,2026,668,481,0.24,0.259,-0.019,0.356,0.386,-0.03,0.292,0.311,-0.019,4.31,4.09,0.223
"deGrom, Jacob",594798,2026,668,418,0.226,0.229,-0.003,0.367,0.374,-0.007,0.285,0.288,-0.003,4.21,3.47,0.735
"Ashcraft, Braxton",677952,2026,667,452,0.235,0.232,0.0029999999999999,0.386,0.369,0.017,0.292,0.287,0.005,3.65,3.45,0.197
"Misiorowski, Jacob",694819,2026,665,360,0.157,0.174,-0.0169999999999999,0.246,0.255,-0.009,0.216,0.226,-0.01,1.8,2.13,-0.327
"Lambert, Peter",663567,2026,664,439,0.232,0.221,0.011,0.357,0.36,-0.003,0.301,0.297,0.004,3.82,3.7,0.116
"Peterson, David",656849,2026,663,457,0.267,0.267,0.0,0.397,0.403,-0.006,0.328,0.333,-0.005,4.79,4.76,0.033
"Pérez, Eury",691587,2026,660,412,0.214,0.218,-0.004,0.371,0.384,-0.013,0.303,0.31,-0.007,3.91,4.06,-0.154
"Roupp, Landen",694738,2026,657,434,0.22,0.232,-0.012,0.334,0.344,-0.0099999999999999,0.294,0.302,-0.008,4.01,3.84,0.166
"Sugano, Tomoyuki",608372,2026,656,521,0.276,0.303,-0.0269999999999999,0.523,0.538,-0.015,0.356,0.377,-0.021,5.37,6.35,-0.985
"Manaea, Sean",640455,2026,653,449,0.262,0.252,0.01,0.477,0.441,0.0359999999999999,0.347,0.333,0.0139999999999999,4.78,4.76,0.019
"Buehler, Walker",621111,2026,651,456,0.256,0.245,0.011,0.419,0.402,0.0169999999999999,0.329,0.317,0.012,4.63,4.27,0.357
"Sale, Chris",519242,2026,648,402,0.215,0.216,-0.001,0.306,0.327,-0.021,0.259,0.267,-0.008,2.16,2.97,-0.812
"Rocker, Kumar",677958,2026,645,442,0.255,0.251,0.004,0.425,0.412,0.013,0.33,0.324,0.006,4.38,4.48,-0.102
"Wheeler, Zack",554430,2026,645,401,0.208,0.203,0.0049999999999999,0.36,0.32,0.0399999999999999,0.278,0.263,0.015,3.0,2.88,0.12
"Holmes, Grant",656550,2026,642,462,0.239,0.262,-0.023,0.398,0.447,-0.0489999999999999,0.314,0.342,-0.028,3.44,5.05,-1.608
"Elder, Bryce",693821,2026,633,459,0.244,0.252,-0.008,0.407,0.401,0.0059999999999999,0.313,0.313,0.0,4.11,4.15,-0.043
"Springs, Jeffrey",605488,2026,630,456,0.27,0.253,0.017,0.521,0.45,0.071,0.369,0.339,0.0299999999999999,6.18,4.95,1.232
"Burns, Chase",695505,2026,630,387,0.218,0.207,0.011,0.36,0.347,0.013,0.288,0.279,0.0089999999999999,2.86,3.25,-0.393
"Montero, Keider",672456,2026,625,475,0.216,0.231,-0.015,0.359,0.381,-0.022,0.275,0.29,-0.0149999999999999,3.48,3.52,-0.036
"Ureña, Walbert",700712,2026,625,406,0.21,0.208,0.002,0.307,0.312,-0.005,0.28,0.281,-0.001,2.97,3.3,-0.327
"May, Dustin",669160,2026,621,415,0.256,0.251,0.005,0.384,0.397,-0.013,0.317,0.323,-0.006,4.7,4.45,0.246
"Skubal, Tarik",669373,2026,620,402,0.217,0.226,-0.009,0.343,0.338,0.005,0.264,0.266,-0.002,2.72,2.94,-0.217
"Lorenzen, Michael",547179,2026,619,469,0.339,0.3,0.039,0.546,0.493,0.053,0.406,0.372,0.034,7.21,6.15,1.059
"Martin, Davis",663436,2026,617,439,0.262,0.271,-0.009,0.391,0.414,-0.0229999999999999,0.319,0.331,-0.012,3.94,4.69,-0.745
"Mahle, Tyler",641816,2026,614,428,0.248,0.245,0.003,0.402,0.391,0.011,0.311,0.306,0.005,3.99,3.95,0.037
"Ryan, Joe",657746,2026,614,411,0.242,0.228,0.0139999999999999,0.414,0.394,0.0199999999999999,0.309,0.297,0.012,3.79,3.7,0.095
"Freeland, Kyle",607536,2026,613,469,0.308,0.29,0.018,0.556,0.496,0.06,0.386,0.356,0.03,6.65,5.54,1.11
"Eovaldi, Nathan",543135,2026,613,423,0.253,0.254,-0.001,0.434,0.422,0.012,0.322,0.318,0.004,4.2,4.3,-0.099
"Suarez, Ranger",624133,2026,612,419,0.235,0.243,-0.008,0.339,0.349,-0.0099999999999999,0.286,0.294,-0.008,3.22,3.63,-0.414
"Fedde, Erick",607200,2026,606,449,0.256,0.258,-0.002,0.427,0.442,-0.015,0.327,0.334,-0.007,3.83,4.79,-0.96
"Lowder, Rhett",695076,2026,603,436,0.274,0.274,0.0,0.447,0.463,-0.016,0.349,0.353,-0.004,5.74,5.44,0.297
"Tolle, Payton",801139,2026,603,386,0.222,0.199,0.0229999999999999,0.366,0.312,0.0539999999999999,0.285,0.255,0.0299999999999999,3.03,2.7,0.327
"Pérez, Martín",527048,2026,596,429,0.228,0.262,-0.034,0.359,0.386,-0.027,0.298,0.325,-0.027,3.04,4.51,-1.468
"Leahy, Kyle",681517,2026,596,417,0.269,0.272,-0.003,0.418,0.445,-0.027,0.327,0.337,-0.01,3.66,4.89,-1.226
"Castillo, Luis",622491,2026,592,428,0.284,0.27,0.0139999999999999,0.493,0.457,0.0359999999999999,0.361,0.341,0.0199999999999999,5.86,5.02,0.835
"Rea, Colin",607067,2026,587,432,0.256,0.272,-0.016,0.42,0.472,-0.0519999999999999,0.328,0.351,-0.0229999999999999,4.34,5.37,-1.034
"Vásquez, Randy",681190,2026,587,458,0.262,0.288,-0.0259999999999999,0.422,0.489,-0.067,0.319,0.356,-0.0369999999999999,3.9,5.54,-1.637
"Ginn, J.T.",669372,2026,580,393,0.225,0.241,-0.0159999999999999,0.368,0.372,-0.004,0.303,0.312,-0.009,3.71,4.12,-0.412
"Wrobleski, Justin",680736,2026,578,424,0.24,0.267,-0.027,0.398,0.441,-0.0429999999999999,0.299,0.326,-0.027,3.66,4.54,-0.876
"Weathers, Ryan",677960,2026,568,384,0.249,0.255,-0.006,0.394,0.424,-0.0299999999999999,0.306,0.319,-0.013,3.6,4.32,-0.716
"Hancock, Emerson",676106,2026,566,401,0.24,0.242,-0.002,0.399,0.41,-0.0109999999999999,0.302,0.308,-0.006,3.57,4.01,-0.44
"Pfaadt, Brandon",694297,2026,562,430,0.248,0.252,-0.004,0.383,0.394,-0.011,0.299,0.305,-0.006,3.77,3.92,-0.148
"Ober, Bailey",641927,2026,561,425,0.256,0.255,0.001,0.438,0.457,-0.019,0.325,0.33,-0.005,4.47,4.66,-0.194
"Painter, Andrew",691725,2026,552,385,0.268,0.25,0.018,0.437,0.413,0.024,0.339,0.322,0.017,5.4,4.42,0.98
"Lopez, Jacob",682052,2026,551,377,0.262,0.214,0.048,0.453,0.357,0.096,0.348,0.295,0.0529999999999999,5.47,3.65,1.823
"Seymour, Ian",693855,2026,551,352,0.227,0.22,0.007,0.437,0.396,0.0409999999999999,0.308,0.291,0.017,4.21,3.55,0.656
"Mize, Casey",663554,2026,549,398,0.247,0.238,0.009,0.436,0.395,0.0409999999999999,0.318,0.303,0.015,4.32,3.87,0.447
"Feltner, Ryan",663372,2026,548,401,0.275,0.254,0.021,0.486,0.45,0.0359999999999999,0.357,0.337,0.0199999999999999,5.4,4.89,0.51
"Matthews, Zebby",805673,2026,545,386,0.251,0.249,0.002,0.446,0.425,0.021,0.327,0.321,0.006,4.9,4.38,0.523
"Perkins, Jack",678022,2026,541,340,0.263,0.234,0.0289999999999999,0.462,0.39,0.072,0.351,0.311,0.0399999999999999,6.1,4.09,2.009
"Littell, Zack",641793,2026,540,425,0.278,0.299,-0.0209999999999999,0.511,0.539,-0.028,0.36,0.384,-0.024,5.21,6.64,-1.428
"Phillips, Tyler",663969,2026,538,377,0.235,0.256,-0.021,0.384,0.414,-0.0299999999999999,0.313,0.332,-0.019,3.34,4.73,-1.391
"Mlodzinski, Carmen",669387,2026,537,391,0.257,0.28,-0.023,0.374,0.424,-0.0499999999999999,0.31,0.337,-0.027,3.95,4.89,-0.939
"Prielipp, Connor",687570,2026,535,355,0.249,0.237,0.012,0.39,0.381,0.009,0.313,0.306,0.007,4.87,3.95,0.92
"Cecconi, Slade",677944,2026,528,387,0.28,0.267,0.013,0.453,0.447,0.006,0.342,0.333,0.009,4.91,4.76,0.149
"Drohan, Shane",675660,2026,528,354,0.255,0.231,0.0239999999999999,0.409,0.375,0.0339999999999999,0.322,0.301,0.021,4.19,3.81,0.377
"Junk, Janson",676083,2026,523,396,0.264,0.255,0.009,0.414,0.409,0.005,0.319,0.315,0.004,4.22,4.21,0.011
"Sasaki, Roki",808963,2026,522,346,0.242,0.243,-0.001,0.461,0.404,0.0569999999999999,0.339,0.318,0.021,4.49,4.3,0.188
"Boyd, Matthew",571510,2026,520,378,0.241,0.264,-0.023,0.372,0.423,-0.0509999999999999,0.303,0.33,-0.027,3.91,4.66,-0.752
"Cole, Gerrit",543037,2026,519,359,0.235,0.248,-0.013,0.422,0.401,0.0209999999999999,0.302,0.3,0.002,3.61,3.78,-0.166
"Harrison, Kyle",690986,2026,505,320,0.261,0.245,0.016,0.446,0.389,0.0569999999999999,0.336,0.308,0.028,4.2,4.01,0.192
"Keller, Mitch",656605,2026,503,364,0.259,0.288,-0.0289999999999999,0.426,0.455,-0.029,0.334,0.355,-0.0209999999999999,5.29,5.51,-0.219
"Bello, Brayan",678394,2026,503,368,0.272,0.282,-0.0099999999999999,0.394,0.437,-0.0429999999999999,0.319,0.337,-0.018,4.33,4.89,-0.558
"Mikolas, Miles",571945,2026,498,415,0.293,0.288,0.005,0.527,0.506,0.021,0.364,0.354,0.01,5.82,5.47,0.349
"Civale, Aaron",650644,2026,493,361,0.279,0.254,0.025,0.473,0.417,0.0559999999999999,0.35,0.32,0.0299999999999999,4.2,4.35,-0.146
"Arrighetti, Spencer",681293,2026,492,306,0.219,0.239,-0.0199999999999999,0.387,0.412,-0.0249999999999999,0.329,0.349,-0.0199999999999999,4.96,5.3,-0.339
"McClanahan, Shane",663556,2026,487,337,0.211,0.245,-0.034,0.324,0.413,-0.0889999999999999,0.273,0.318,-0.0449999999999999,3.36,4.3,-0.944
"Lodolo, Nick",666157,2026,486,340,0.279,0.297,-0.0179999999999999,0.498,0.484,0.014,0.374,0.38,-0.006,4.97,6.47,-1.501
"Miller, Bryce",682243,2026,485,326,0.226,0.226,0.0,0.42,0.385,0.0349999999999999,0.309,0.297,0.012,4.17,3.7,0.471
"Scott, Christian",681035,2026,474,284,0.224,0.221,0.003,0.356,0.344,0.012,0.302,0.297,0.005,3.85,3.7,0.145
"Soroka, Michael",647336,2026,473,323,0.225,0.251,-0.0259999999999999,0.356,0.403,-0.047,0.282,0.312,-0.03,3.41,4.12,-0.706
"Gordon, Tanner",685299,2026,473,362,0.336,0.274,0.062,0.584,0.489,0.0949999999999999,0.406,0.345,0.061,6.68,5.16,1.525
"Alvarez, Andrew",674841,2026,473,305,0.229,0.245,-0.0159999999999999,0.347,0.375,-0.028,0.298,0.315,-0.017,3.44,4.21,-0.775
"Sheehan, Emmet",686218,2026,472,299,0.232,0.218,0.014,0.441,0.379,0.062,0.32,0.292,0.028,4.57,3.57,0.997
"Gallen, Zac",668678,2026,472,369,0.298,0.311,-0.013,0.499,0.529,-0.03,0.369,0.384,-0.015,6.07,6.64,-0.574
"Irvin, Jake",663623,2026,470,303,0.247,0.252,-0.005,0.438,0.457,-0.019,0.34,0.351,-0.0109999999999999,5.48,5.37,0.114
"Houser, Adrian",605288,2026,470,357,0.257,0.268,-0.011,0.434,0.453,-0.019,0.326,0.339,-0.013,4.02,4.95,-0.929
"Melton, Troy",675512,2026,470,332,0.217,0.239,-0.0219999999999999,0.374,0.369,0.005,0.294,0.302,-0.008,2.75,3.84,-1.085
"Lauer, Eric",641778,2026,466,353,0.256,0.256,0.0,0.486,0.475,0.011,0.347,0.342,0.0049999999999999,5.23,5.05,0.184
"Meyer, Max",676974,2026,462,293,0.207,0.227,-0.02,0.339,0.375,-0.0359999999999999,0.282,0.304,-0.022,2.68,3.89,-1.214
"Gasser, Robert",688107,2026,462,315,0.229,0.249,-0.0199999999999999,0.398,0.398,0.0,0.309,0.317,-0.008,3.87,4.27,-0.401
"Bassitt, Chris",605135,2026,460,339,0.293,0.279,0.0139999999999999,0.423,0.413,0.01,0.348,0.338,0.0099999999999999,4.41,4.92,-0.508
"Jax, Griffin",643377,2026,459,306,0.235,0.253,-0.018,0.381,0.407,-0.0259999999999999,0.296,0.317,-0.021,3.52,4.27,-0.745
"Anderson, Drew",623454,2026,457,293,0.233,0.226,0.007,0.4,0.373,0.027,0.316,0.305,0.011,3.67,3.92,-0.253
"Bennett, Jake",687562,2026,455,340,0.246,0.234,0.0119999999999999,0.371,0.382,-0.011,0.286,0.286,0.0,3.65,3.42,0.233
"Brown, Hunter",686613,2026,451,268,0.208,0.199,0.0089999999999999,0.318,0.313,0.005,0.289,0.282,0.007,3.19,3.32,-0.134
"Rodriguez, Grayson",680570,2026,444,309,0.287,0.277,0.0099999999999999,0.483,0.471,0.012,0.365,0.36,0.005,6.02,5.69,0.33
"Quantrill, Cal",615698,2026,443,330,0.218,0.242,-0.0239999999999999,0.35,0.402,-0.052,0.274,0.303,-0.0289999999999999,2.86,3.87,-1.006
"Patrick, Chad",694477,2026,442,296,0.219,0.239,-0.0199999999999999,0.366,0.387,-0.021,0.302,0.318,-0.016,3.4,4.3,-0.904
"Jump, Gage",695611,2026,437,279,0.272,0.262,0.01,0.429,0.402,0.0269999999999999,0.343,0.329,0.014,5.47,4.63,0.843
"Johnson, Ryan",696270,2026,437,309,0.251,0.252,-0.001,0.426,0.434,-0.008,0.333,0.336,-0.003,5.04,4.86,0.18
"Fried, Max",608331,2026,434,295,0.201,0.199,0.002,0.274,0.272,0.002,0.245,0.246,-0.001,2.8,2.51,0.286
"Burrows, Mike",681347,2026,423,309,0.292,0.263,0.0289999999999999,0.508,0.44,0.068,0.375,0.335,0.0399999999999999,5.99,4.82,1.169
"Sproat, Brandon",687075,2026,422,259,0.246,0.245,0.001,0.436,0.407,0.029,0.352,0.341,0.0109999999999999,5.57,5.02,0.547
"Holmes, Clay",605280,2026,419,296,0.213,0.244,-0.031,0.302,0.348,-0.0459999999999999,0.272,0.303,-0.0309999999999999,3.29,3.87,-0.584
"Jones, Jared",683003,2026,415,258,0.209,0.209,0.0,0.365,0.351,0.014,0.281,0.276,0.005,3.72,3.18,0.538
"Agnos, Zach",688642,2026,407,309,0.285,0.281,0.0039999999999999,0.464,0.46,0.004,0.35,0.349,0.001,5.93,5.3,0.634
"Yesavage, Trey",702056,2026,401,255,0.186,0.198,-0.012,0.352,0.333,0.0189999999999999,0.284,0.284,0.0,3.69,3.37,0.316
"Blubaugh, AJ",805123,2026,401,262,0.218,0.226,-0.008,0.394,0.397,-0.003,0.306,0.317,-0.011,3.66,4.27,-0.614
"Early, Connelly",813349,2026,400,263,0.232,0.232,0.0,0.393,0.404,-0.011,0.314,0.317,-0.003,3.33,4.27,-0.943
"Flaherty, Jack",656427,2026,396,244,0.238,0.236,0.002,0.411,0.392,0.0189999999999999,0.326,0.321,0.005,4.48,4.38,0.103
"Gusto, Ryan",687473,2026,392,285,0.277,0.282,-0.0049999999999999,0.437,0.438,-0.001,0.339,0.341,-0.002,4.09,5.02,-0.929
"Canning, Griffin",656288,2026,391,257,0.276,0.253,0.023,0.443,0.409,0.034,0.354,0.331,0.0229999999999999,5.68,4.69,0.994
"Miles, Spencer",693686,2026,388,269,0.222,0.232,-0.01,0.297,0.327,-0.03,0.256,0.271,-0.015,2.73,3.06,-0.332
"Ashby, Aaron",676879,2026,383,224,0.225,0.203,0.0219999999999999,0.322,0.297,0.025,0.287,0.268,0.0189999999999999,3.12,2.99,0.133
"Assad, Javier",665871,2026,378,285,0.235,0.261,-0.026,0.397,0.421,-0.0239999999999999,0.304,0.324,-0.02,3.63,4.48,-0.855
"Suter, Brent",608718,2026,377,271,0.248,0.252,-0.004,0.398,0.396,0.002,0.305,0.306,-0.001,3.36,3.95,-0.587
"Nelson, Ryne",669194,2026,374,278,0.251,0.262,-0.011,0.468,0.496,-0.0279999999999999,0.335,0.349,-0.0139999999999999,4.95,5.3,-0.353
"Newcomb, Sean",656794,2026,372,246,0.223,0.254,-0.031,0.324,0.377,-0.0529999999999999,0.285,0.317,-0.032,3.09,4.27,-1.181
"Henderson, Logan",701656,2026,371,241,0.183,0.201,-0.018,0.349,0.342,0.0069999999999999,0.252,0.257,-0.005,2.47,2.74,-0.269
"Taillon, Jameson",592791,2026,370,260,0.253,0.261,-0.008,0.527,0.532,-0.005,0.364,0.367,-0.003,5.65,5.96,-0.309
"Scherzer, Max",453286,2026,364,259,0.24,0.24,0.0,0.415,0.399,0.0159999999999999,0.323,0.316,0.007,5.74,4.24,1.5
"Kremer, Dean",665152,2026,364,248,0.224,0.232,-0.008,0.445,0.426,0.019,0.316,0.313,0.003,4.68,4.15,0.533
"Ramírez, Yohan",670990,2026,362,202,0.188,0.207,-0.0189999999999999,0.28,0.286,-0.0059999999999999,0.272,0.282,-0.0099999999999999,2.86,3.32,-0.461
"Corbin, Patrick",571578,2026,360,266,0.302,0.289,0.013,0.477,0.463,0.0139999999999999,0.364,0.355,0.009,5.51,5.51,0.003
"Bachar, Lake",669199,2026,358,223,0.195,0.199,-0.004,0.345,0.344,0.001,0.282,0.285,-0.003,3.43,3.39,0.037
"Lord, Brad",695418,2026,357,238,0.222,0.228,-0.006,0.35,0.366,-0.016,0.295,0.305,-0.01,3.78,3.92,-0.14
"Lynch IV, Daniel",663738,2026,356,270,0.225,0.261,-0.036,0.389,0.429,-0.0399999999999999,0.299,0.329,-0.03,4.08,4.63,-0.549
"Leiter, Jack",683004,2026,355,233,0.255,0.257,-0.002,0.439,0.43,0.009,0.34,0.336,0.004,5.29,4.86,0.427
"Morejon, Adrian",670970,2026,352,212,0.205,0.195,0.0099999999999999,0.271,0.267,0.004,0.244,0.237,0.007,2.83,2.34,0.486
"Cabrera, Edward",665795,2026,350,240,0.27,0.273,-0.003,0.466,0.454,0.012,0.355,0.352,0.003,5.96,5.4,0.563
"López, Reynaldo",625643,2026,346,237,0.261,0.262,-0.001,0.43,0.428,0.002,0.336,0.335,0.001,4.54,4.82,-0.282
"Bruihl, Justin",677865,2026,346,253,0.253,0.258,-0.005,0.355,0.382,-0.027,0.308,0.324,-0.016,3.59,4.48,-0.888
"Richards, Trevor",670950,2026,345,245,0.224,0.242,-0.0179999999999999,0.407,0.421,-0.014,0.294,0.313,-0.019,3.69,4.15,-0.463
"Matz, Steven",571927,2026,342,254,0.238,0.274,-0.036,0.444,0.458,-0.014,0.32,0.342,-0.022,5.49,5.05,0.44
"Ohtani, Shohei",660271,2026,340,213,0.18,0.201,-0.021,0.262,0.287,-0.0249999999999999,0.239,0.257,-0.018,1.79,2.74,-0.954
"Rodón, Carlos",607074,2026,340,209,0.173,0.224,-0.051,0.286,0.356,-0.07,0.254,0.304,-0.0499999999999999,2.67,3.89,-1.222
"Imai, Tatsuya",837227,2026,338,186,0.207,0.221,-0.014,0.336,0.379,-0.0429999999999999,0.308,0.328,-0.02,4.93,4.6,0.33
"Thornton, Zac",804267,2026,337,253,0.248,0.261,-0.013,0.42,0.444,-0.024,0.312,0.325,-0.013,3.42,4.51,-1.095
"Taylor, Grant",691799,2026,336,199,0.198,0.199,-0.001,0.304,0.32,-0.016,0.26,0.267,-0.007,2.25,2.97,-0.72
"Blackburn, Paul",621112,2026,336,233,0.195,0.236,-0.0409999999999999,0.291,0.352,-0.061,0.259,0.296,-0.0369999999999999,1.59,3.68,-2.092
"Teng, Kai-Wei",678906,2026,329,210,0.245,0.249,-0.004,0.415,0.404,0.0109999999999999,0.342,0.339,0.003,4.76,4.95,-0.185
"Headrick, Brent",687396,2026,326,201,0.231,0.219,0.012,0.364,0.322,0.0419999999999999,0.29,0.271,0.0189999999999999,2.18,3.06,-0.877
"Ritchie, JR",702275,2026,326,209,0.237,0.246,-0.009,0.431,0.417,0.014,0.345,0.345,0.0,4.91,5.16,-0.251
"Graceffo, Gordon",700669,2026,326,223,0.19,0.243,-0.0529999999999999,0.301,0.415,-0.1139999999999999,0.262,0.328,-0.066,2.67,4.6,-1.933
"Schultz, Noah",702273,2026,324,217,0.244,0.269,-0.025,0.419,0.455,-0.036,0.335,0.358,-0.0229999999999999,5.57,5.62,-0.05
"Mejia, Juan",675848,2026,323,214,0.285,0.262,0.0229999999999999,0.398,0.384,0.014,0.344,0.332,0.0119999999999999,5.27,4.73,0.541
"Peralta, Wandy",593974,2026,321,245,0.271,0.275,-0.004,0.418,0.394,0.0239999999999999,0.327,0.319,0.008,3.61,4.32,-0.712
"Dobnak, Randy",677976,2026,321,242,0.273,0.291,-0.0179999999999999,0.395,0.402,-0.007,0.325,0.336,-0.011,3.51,4.86,-1.349
"Morris, Andrew",702193,2026,321,222,0.257,0.234,0.0229999999999999,0.365,0.337,0.0279999999999999,0.302,0.283,0.019,4.4,3.35,1.048
"Sandoval, Patrick",663776,2026,321,214,0.305,0.27,0.0349999999999999,0.44,0.423,0.017,0.359,0.336,0.0229999999999999,5.12,4.86,0.258
"Medina, Luis",665622,2026,317,181,0.236,0.217,0.0189999999999999,0.363,0.358,0.005,0.311,0.303,0.008,3.08,3.87,-0.788
"Burke, Brock",656271,2026,314,196,0.202,0.216,-0.0139999999999999,0.318,0.338,-0.02,0.282,0.295,-0.013,2.3,3.65,-1.35
"Alexander, Tyler",641302,2026,313,225,0.26,0.233,0.0269999999999999,0.349,0.329,0.0199999999999999,0.301,0.283,0.018,3.7,3.35,0.349
"Harris, Hogan",663687,2026,311,175,0.229,0.204,0.025,0.347,0.33,0.0169999999999999,0.314,0.298,0.016,3.33,3.73,-0.403
"Senzatela, Antonio",622608,2026,311,223,0.261,0.259,0.002,0.379,0.375,0.004,0.31,0.31,0.0,4.05,4.06,-0.01
"McDonald, Trevor",686790,2026,310,217,0.255,0.246,0.009,0.384,0.359,0.025,0.323,0.311,0.012,5.12,4.09,1.028
"Fisher, Braydon",680755,2026,310,189,0.204,0.223,-0.019,0.333,0.358,-0.0249999999999999,0.293,0.316,-0.023,3.21,4.24,-1.029
"Avila, Luinder",679883,2026,309,204,0.272,0.251,0.021,0.425,0.396,0.0289999999999999,0.355,0.339,0.0159999999999999,5.53,4.95,0.579
"Varland, Louis",686973,2026,307,187,0.196,0.204,-0.0079999999999999,0.246,0.269,-0.023,0.228,0.239,-0.0109999999999999,1.27,2.37,-1.101
"Watson, Ryan",670245,2026,307,216,0.245,0.263,-0.018,0.397,0.432,-0.0349999999999999,0.308,0.331,-0.023,4.0,4.69,-0.69
"Kikuchi, Yusei",579328,2026,305,205,0.278,0.257,0.021,0.447,0.417,0.03,0.346,0.333,0.0129999999999999,4.92,4.76,0.161
"Legumina, Casey",668984,2026,305,223,0.27,0.263,0.007,0.415,0.404,0.0109999999999999,0.322,0.316,0.006,3.77,4.24,-0.473
"Woods Richardson, Simeon",680573,2026,303,224,0.304,0.28,0.0239999999999999,0.504,0.467,0.0369999999999999,0.39,0.368,0.022,6.68,5.99,0.692
"Zeferjahn, Ryan",666171,2026,303,160,0.195,0.183,0.012,0.323,0.281,0.0419999999999999,0.291,0.273,0.0179999999999999,3.88,3.1,0.776
"Rodriguez, Bradgley",699134,2026,301,200,0.212,0.19,0.0219999999999999,0.342,0.297,0.045,0.266,0.239,0.027,2.19,2.37,-0.181
"Holton, Tyler",663947,2026,301,221,0.259,0.247,0.012,0.391,0.364,0.027,0.316,0.3,0.016,2.75,3.78,-1.03
"De Los Santos, Enyel",660853,2026,301,213,0.25,0.224,0.0259999999999999,0.442,0.374,0.068,0.321,0.286,0.035,4.79,3.42,1.374
"Bazardo, Eduard",660825,2026,297,200,0.278,0.263,0.015,0.471,0.45,0.0209999999999999,0.348,0.339,0.0089999999999999,4.01,4.95,-0.94
"Fuentes, Didier",800311,2026,297,182,0.223,0.223,0.0,0.327,0.347,-0.0199999999999999,0.269,0.275,-0.006,2.46,3.15,-0.695
"Gómez, Yoendrys",672782,2026,297,190,0.229,0.259,-0.03,0.375,0.441,-0.066,0.317,0.355,-0.0379999999999999,4.3,5.51,-1.211
"Kochanowicz, Jack",686799,2026,296,208,0.259,0.272,-0.013,0.382,0.439,-0.0569999999999999,0.331,0.358,-0.0269999999999999,6.19,5.62,0.568
"Smith, Cade",671922,2026,295,161,0.183,0.189,-0.006,0.278,0.315,-0.0369999999999999,0.241,0.261,-0.02,1.95,2.83,-0.884
"Ferrer, José A.",678606,2026,295,214,0.283,0.252,0.0309999999999999,0.404,0.386,0.018,0.333,0.311,0.022,4.17,4.09,0.085
"Rogers, Tyler",643511,2026,294,228,0.229,0.229,0.0,0.282,0.305,-0.023,0.255,0.263,-0.008,1.77,2.88,-1.105
"Faucher, Calvin",676534,2026,294,180,0.212,0.228,-0.016,0.268,0.311,-0.0429999999999999,0.276,0.295,-0.0189999999999999,3.56,3.65,-0.094
"Hoffman, Jeff",656546,2026,292,153,0.228,0.199,0.0289999999999999,0.348,0.307,0.0409999999999999,0.296,0.283,0.013,3.54,3.35,0.195
"Soriano, George",666277,2026,290,186,0.231,0.231,0.0,0.405,0.4,0.005,0.323,0.327,-0.004,4.23,4.57,-0.343
"Festa, Matt",670036,2026,289,193,0.255,0.235,0.02,0.402,0.384,0.018,0.319,0.305,0.014,3.78,3.92,-0.14
"Glasnow, Tyler",607192,2026,288,164,0.175,0.19,-0.015,0.304,0.332,-0.028,0.245,0.263,-0.018,3.53,2.88,0.647
"Clarke, Taylor",664199,2026,288,225,0.223,0.26,-0.037,0.352,0.436,-0.084,0.27,0.322,-0.0519999999999999,2.96,4.42,-1.461
"Soto, Gregory",642397,2026,285,169,0.199,0.196,0.003,0.325,0.291,0.034,0.283,0.27,0.0129999999999999,3.63,3.03,0.597
"Webb, Jacob",657097,2026,284,185,0.231,0.252,-0.0209999999999999,0.369,0.405,-0.036,0.296,0.32,-0.024,3.36,4.35,-0.992
"Senga, Kodai",673540,2026,283,163,0.253,0.239,0.014,0.494,0.432,0.062,0.377,0.351,0.026,7.34,5.37,1.967
"Hughes, Gabriel",687312,2026,283,200,0.271,0.242,0.029,0.434,0.38,0.0539999999999999,0.336,0.305,0.031,6.33,3.92,2.408
"Hudson, Bryan",663542,2026,282,200,0.274,0.235,0.039,0.367,0.332,0.0349999999999999,0.304,0.277,0.0269999999999999,3.74,3.2,0.543
"Bednar, David",670280,2026,280,182,0.205,0.215,-0.01,0.299,0.309,-0.01,0.249,0.263,-0.014,2.47,2.88,-0.414
"Kelly, Kevin",687330,2026,279,202,0.209,0.251,-0.042,0.319,0.37,-0.0509999999999999,0.246,0.284,-0.0379999999999999,2.44,3.37,-0.927
"Montgomery, Mason",682254,2026,278,146,0.18,0.186,-0.006,0.292,0.283,0.009,0.247,0.247,0.0,2.88,2.53,0.353
"King, Bryan",687911,2026,278,198,0.282,0.252,0.0299999999999999,0.441,0.372,0.069,0.348,0.311,0.0369999999999999,5.19,4.09,1.102
"Suarez, José",660761,2026,277,186,0.298,0.267,0.0309999999999999,0.45,0.36,0.09,0.359,0.317,0.0419999999999999,5.87,4.27,1.6
"Wells, Tyler",669330,2026,277,185,0.187,0.201,-0.014,0.331,0.346,-0.0149999999999999,0.251,0.266,-0.015,2.38,2.94,-0.565
"Rogers, Taylor",573124,2026,276,186,0.277,0.24,0.037,0.404,0.364,0.04,0.338,0.312,0.026,4.33,4.12,0.206
"Javier, Cristian",664299,2026,276,187,0.261,0.254,0.007,0.433,0.421,0.012,0.34,0.333,0.007,5.14,4.76,0.383
"O'Brien, Riley",676617,2026,276,173,0.227,0.256,-0.0289999999999999,0.335,0.406,-0.071,0.303,0.34,-0.037,4.08,4.99,-0.912
"Ginkel, Kevin",656464,2026,275,185,0.234,0.227,0.007,0.401,0.389,0.012,0.294,0.291,0.003,4.12,3.55,0.573
"Lange, Alex",656638,2026,275,176,0.277,0.252,0.025,0.506,0.445,0.061,0.385,0.353,0.032,6.75,5.44,1.31
"Doval, Camilo",666808,2026,273,171,0.25,0.223,0.0269999999999999,0.382,0.333,0.0489999999999999,0.319,0.299,0.02,4.15,3.76,0.394
"Alvarado, José",621237,2026,273,164,0.279,0.24,0.039,0.408,0.349,0.059,0.35,0.312,0.0379999999999999,5.86,4.12,1.743
"Miller, Mason",695243,2026,272,115,0.152,0.138,0.0139999999999999,0.202,0.202,0.0,0.208,0.201,0.0069999999999999,1.67,1.7,-0.029
"Morán, Jovani",663558,2026,272,164,0.18,0.196,-0.016,0.335,0.332,0.003,0.277,0.283,-0.0059999999999999,3.15,3.35,-0.198
"Silseth, Chase",681217,2026,271,157,0.242,0.221,0.0209999999999999,0.379,0.368,0.011,0.324,0.311,0.013,3.6,4.09,-0.49
"Latz, Jacob",656641,2026,271,165,0.143,0.188,-0.045,0.273,0.332,-0.059,0.207,0.253,-0.046,2.13,2.66,-0.535
"Severino, Luis",622663,2026,271,173,0.258,0.231,0.0269999999999999,0.432,0.388,0.0439999999999999,0.346,0.318,0.0279999999999999,4.17,4.3,-0.135
"Mayza, Tim",641835,2026,271,188,0.233,0.233,0.0,0.378,0.377,0.001,0.289,0.288,0.001,3.48,3.47,0.005
"Finnegan, Kyle",640448,2026,270,188,0.289,0.272,0.0169999999999999,0.47,0.461,0.0089999999999999,0.374,0.362,0.012,4.3,5.77,-1.468
"Petersen, Michael",656848,2026,269,155,0.191,0.192,-0.001,0.318,0.356,-0.0379999999999999,0.274,0.287,-0.0129999999999999,3.02,3.45,-0.435
"Abreu, Bryan",650556,2026,268,142,0.2,0.197,0.003,0.377,0.345,0.032,0.324,0.312,0.012,3.73,4.12,-0.386
"Yarbrough, Ryan",642232,2026,268,192,0.226,0.233,-0.007,0.331,0.325,0.006,0.285,0.285,0.0,3.69,3.39,0.305
"Hart, Kyle",606996,2026,268,180,0.218,0.216,0.002,0.359,0.36,-0.001,0.294,0.295,-0.001,4.92,3.65,1.272
"Kerkering, Orion",689147,2026,268,164,0.222,0.215,0.007,0.36,0.327,0.0329999999999999,0.317,0.303,0.014,4.97,3.87,1.096
"Paddack, Chris",663978,2026,267,206,0.314,0.28,0.0339999999999999,0.483,0.45,0.0329999999999999,0.37,0.342,0.0279999999999999,6.79,5.05,1.739
"Stanek, Ryne",592773,2026,267,167,0.225,0.228,-0.003,0.381,0.375,0.006,0.314,0.311,0.003,4.02,4.09,-0.069
"Brazobán, Huascar",623211,2026,267,181,0.189,0.221,-0.032,0.326,0.335,-0.009,0.271,0.289,-0.0179999999999999,2.96,3.5,-0.545
"Bernardino, Brennan",657514,2026,267,197,0.247,0.246,0.001,0.381,0.382,-0.001,0.299,0.298,0.001,2.81,3.73,-0.917
"Vodnik, Victor",680767,2026,266,186,0.259,0.239,0.02,0.366,0.356,0.01,0.322,0.312,0.01,4.91,4.12,0.789
"Brown, Ben",676962,2026,265,179,0.186,0.223,-0.037,0.248,0.335,-0.087,0.228,0.279,-0.051,1.85,3.25,-1.397
"Garcia, Rico",670329,2026,265,173,0.18,0.204,-0.0239999999999999,0.335,0.327,0.008,0.258,0.265,-0.007,3.09,2.92,0.17
"Morillo, Juan",666661,2026,264,162,0.194,0.179,0.015,0.28,0.258,0.022,0.254,0.243,0.011,2.24,2.45,-0.212
"Fluharty, Mason",689254,2026,263,169,0.218,0.189,0.0289999999999999,0.323,0.307,0.016,0.281,0.261,0.02,3.3,2.83,0.473
"Lee, Dylan",669276,2026,262,168,0.199,0.201,-0.002,0.315,0.315,0.0,0.248,0.252,-0.004,3.09,2.64,0.45
"Suárez, Albert",544150,2026,262,196,0.238,0.249,-0.011,0.414,0.399,0.0149999999999999,0.307,0.311,-0.004,3.86,4.09,-0.233
"Dreyer, Jack",676263,2026,261,163,0.206,0.226,-0.02,0.33,0.365,-0.0349999999999999,0.27,0.29,-0.0199999999999999,3.2,3.52,-0.319
"Okert, Steven",595345,2026,261,175,0.19,0.21,-0.0199999999999999,0.325,0.361,-0.0359999999999999,0.251,0.274,-0.023,2.13,3.13,-1.002
"Loáisiga, Jonathan",642528,2026,261,199,0.231,0.237,-0.0059999999999999,0.322,0.335,-0.013,0.257,0.269,-0.012,2.42,3.01,-0.592
"Matsui, Yuki",673513,2026,260,154,0.171,0.17,0.001,0.304,0.3,0.004,0.267,0.27,-0.003,1.83,3.03,-1.202
"Marinaccio, Ron",676760,2026,260,178,0.27,0.26,0.01,0.482,0.426,0.0559999999999999,0.371,0.347,0.024,6.09,5.23,0.857
"Domínguez, Seranthony",622554,2026,260,161,0.204,0.207,-0.003,0.356,0.346,0.01,0.296,0.295,0.001,3.63,3.65,-0.021
"Farris, Mitch",815083,2026,258,165,0.263,0.258,0.005,0.465,0.43,0.035,0.355,0.339,0.0159999999999999,4.05,4.95,-0.9
"Nance, Tommy",667297,2026,258,165,0.259,0.256,0.003,0.39,0.413,-0.0229999999999999,0.314,0.323,-0.009,3.92,4.45,-0.528
"Moll, Sam",594580,2026,257,164,0.252,0.238,0.014,0.379,0.359,0.02,0.329,0.324,0.005,4.79,4.48,0.313
"Gaddis, Hunter",683769,2026,257,175,0.241,0.249,-0.008,0.36,0.384,-0.024,0.3,0.311,-0.011,2.98,4.09,-1.107
"Rolison, Ryan",669020,2026,256,173,0.235,0.238,-0.003,0.363,0.376,-0.013,0.303,0.309,-0.006,3.14,4.03,-0.887
"Weissert, Greg",669711,2026,255,171,0.24,0.228,0.0119999999999999,0.389,0.363,0.026,0.304,0.293,0.011,3.26,3.6,-0.336
"Nunez, Anthony",689296,2026,255,159,0.213,0.228,-0.015,0.344,0.373,-0.029,0.29,0.305,-0.015,4.07,3.92,0.153
"Scott, Tanner",656945,2026,251,153,0.207,0.234,-0.027,0.323,0.346,-0.0229999999999999,0.25,0.27,-0.02,2.69,3.03,-0.344
"Brubaker, JT",664141,2026,250,183,0.225,0.274,-0.049,0.349,0.427,-0.078,0.294,0.341,-0.047,3.58,5.02,-1.44
"Santana, Dennis",642701,2026,250,173,0.253,0.251,0.002,0.452,0.423,0.029,0.344,0.331,0.0129999999999999,5.56,4.69,0.869
"Gray, Peyton",682608,2026,249,168,0.251,0.236,0.015,0.43,0.375,0.0549999999999999,0.317,0.292,0.025,3.86,3.57,0.287
"Adams, Travis",701519,2026,247,160,0.242,0.239,0.003,0.425,0.395,0.0299999999999999,0.324,0.314,0.01,4.58,4.18,0.396
"Cruz, Steven",674444,2026,246,158,0.244,0.24,0.004,0.462,0.402,0.06,0.336,0.31,0.026,4.29,4.06,0.235
"Wesneski, Hayden",669713,2026,246,178,0.221,0.247,-0.0259999999999999,0.338,0.363,-0.0249999999999999,0.281,0.301,-0.0199999999999999,3.25,3.81,-0.564
"Schreiber, John",670167,2026,246,179,0.227,0.245,-0.0179999999999999,0.38,0.386,-0.006,0.3,0.309,-0.009,3.28,4.03,-0.748
"Baker, Bryan",641329,2026,244,157,0.161,0.205,-0.0439999999999999,0.266,0.319,-0.0529999999999999,0.231,0.272,-0.041,1.44,3.08,-1.636
"Henriquez, Edgardo",683618,2026,242,140,0.177,0.17,0.0069999999999999,0.239,0.237,0.002,0.248,0.244,0.004,2.85,2.47,0.38
"Bieber, Shane",669456,2026,242,174,0.253,0.282,-0.0289999999999999,0.438,0.5,-0.062,0.335,0.368,-0.0329999999999999,4.37,5.99,-1.625
"Megill, Trevor",656730,2026,242,157,0.181,0.201,-0.02,0.235,0.333,-0.098,0.208,0.252,-0.044,2.63,2.64,-0.013
"Hall, DL",669084,2026,241,140,0.144,0.193,-0.049,0.238,0.3,-0.062,0.246,0.286,-0.0399999999999999,1.91,3.42,-1.512
"Hill, Tim",657612,2026,241,196,0.247,0.261,-0.014,0.429,0.427,0.002,0.32,0.325,-0.005,4.6,4.51,0.092
"Herrin, Tim",682120,2026,240,153,0.231,0.213,0.018,0.372,0.357,0.015,0.308,0.304,0.004,3.02,3.89,-0.872
"Muñoz, Andrés",662253,2026,240,126,0.216,0.2,0.0159999999999999,0.371,0.333,0.0379999999999999,0.296,0.28,0.0159999999999999,4.24,3.27,0.968
"Iglesias, Raisel",628452,2026,239,157,0.217,0.231,-0.014,0.344,0.37,-0.026,0.274,0.289,-0.0149999999999999,2.55,3.5,-0.95
"Fermin, José",820862,2026,238,147,0.236,0.252,-0.016,0.38,0.401,-0.021,0.313,0.328,-0.015,3.86,4.6,-0.743
"Weaver, Luke",596133,2026,238,154,0.194,0.212,-0.0179999999999999,0.31,0.346,-0.0359999999999999,0.252,0.272,-0.02,2.69,3.08,-0.395
"Romero, JoJo",668941,2026,238,162,0.238,0.256,-0.018,0.383,0.418,-0.0349999999999999,0.305,0.323,-0.018,3.35,4.45,-1.095
"Vesia, Alex",681911,2026,237,131,0.147,0.164,-0.017,0.245,0.279,-0.034,0.233,0.254,-0.0209999999999999,2.64,2.68,-0.042
"Herget, Jimmy",623474,2026,237,161,0.279,0.237,0.042,0.493,0.414,0.079,0.366,0.325,0.0409999999999999,5.7,4.51,1.192
"Márquez, Germán",608566,2026,236,173,0.264,0.266,-0.002,0.519,0.484,0.035,0.371,0.362,0.009,5.26,5.77,-0.506
"Sulser, Cole",642121,2026,236,163,0.247,0.25,-0.003,0.419,0.457,-0.038,0.306,0.321,-0.015,4.31,4.38,-0.066
"Duran, Jhoan",661395,2026,236,138,0.221,0.187,0.034,0.275,0.259,0.016,0.244,0.222,0.0219999999999999,1.82,2.06,-0.24
"Antone, Tejay",622088,2026,235,152,0.211,0.224,-0.013,0.363,0.366,-0.003,0.29,0.297,-0.007,3.11,3.7,-0.591
"Anderson, Grant",681982,2026,235,159,0.205,0.205,0.0,0.4,0.337,0.063,0.297,0.275,0.0219999999999999,3.36,3.15,0.206
"Tidwell, Blade",694918,2026,235,162,0.223,0.238,-0.0149999999999999,0.369,0.384,-0.015,0.304,0.317,-0.013,4.45,4.27,0.177
"Uribe, Abner",682842,2026,234,152,0.199,0.22,-0.0209999999999999,0.261,0.292,-0.0309999999999999,0.239,0.26,-0.021,1.97,2.81,-0.838
"Cruz, Fernando",518585,2026,234,133,0.207,0.185,0.0219999999999999,0.369,0.324,0.0449999999999999,0.306,0.281,0.0249999999999999,3.13,3.3,-0.172
"Junis, Jakob",596001,2026,234,173,0.242,0.273,-0.031,0.336,0.392,-0.0559999999999999,0.291,0.322,-0.031,3.64,4.42,-0.776
"Kinley, Tyler",641755,2026,232,155,0.2,0.205,-0.0049999999999999,0.38,0.354,0.026,0.296,0.288,0.008,3.45,3.47,-0.017
"Williamson, Brandon",682227,2026,231,161,0.244,0.269,-0.025,0.435,0.472,-0.0369999999999999,0.344,0.369,-0.025,5.3,6.03,-0.733
"Dobbins, Hunter",690928,2026,231,153,0.24,0.233,0.0069999999999999,0.397,0.366,0.031,0.322,0.306,0.016,3.67,3.95,-0.283
"Myers, Tobias",668964,2026,230,173,0.268,0.259,0.009,0.483,0.407,0.076,0.341,0.313,0.028,5.53,4.15,1.384
"Barnett, Mason",686930,2026,229,147,0.27,0.246,0.024,0.526,0.431,0.095,0.386,0.343,0.0429999999999999,7.02,5.09,1.93
"Bowlan, Jonathan",680742,2026,229,137,0.207,0.193,0.0139999999999999,0.351,0.323,0.0279999999999999,0.276,0.262,0.014,3.35,2.85,0.505
"Alvarado, Elvis",665660,2026,229,137,0.219,0.218,0.001,0.423,0.418,0.005,0.319,0.322,-0.003,3.9,4.42,-0.516
"Erceg, Lucas",668674,2026,228,156,0.294,0.253,0.0409999999999999,0.439,0.344,0.095,0.376,0.33,0.0459999999999999,5.59,4.66,0.926
"Miller, Erik",669062,2026,227,114,0.201,0.18,0.021,0.283,0.266,0.0169999999999999,0.288,0.275,0.0129999999999999,2.98,3.15,-0.169
"Bubic, Kris",663460,2026,226,142,0.202,0.234,-0.032,0.313,0.376,-0.063,0.281,0.315,-0.0339999999999999,3.76,4.21,-0.446
"Wolfram, Grant",664991,2026,226,145,0.262,0.231,0.031,0.396,0.353,0.043,0.318,0.289,0.029,4.3,3.5,0.799
"Raley, Brooks",548384,2026,224,150,0.24,0.236,0.004,0.398,0.374,0.024,0.312,0.307,0.005,3.25,3.98,-0.733
"Kolek, Stephen",663568,2026,224,176,0.262,0.262,0.0,0.448,0.38,0.068,0.328,0.303,0.025,4.5,3.87,0.63
"Shugart, Chase",663767,2026,223,140,0.223,0.214,0.009,0.43,0.39,0.0399999999999999,0.314,0.3,0.014,4.03,3.78,0.245
"Holderman, Colin",670059,2026,222,142,0.185,0.219,-0.034,0.243,0.341,-0.098,0.254,0.303,-0.0489999999999999,2.73,3.87,-1.136
"Funderburk, Kody",681892,2026,222,144,0.229,0.225,0.004,0.303,0.328,-0.025,0.29,0.298,-0.008,3.71,3.73,-0.024
"Gibson, Cade",806188,2026,221,150,0.261,0.232,0.0289999999999999,0.367,0.309,0.0579999999999999,0.319,0.288,0.031,5.36,3.47,1.894
"Sewald, Paul",623149,2026,219,149,0.202,0.218,-0.0159999999999999,0.449,0.46,-0.011,0.302,0.312,-0.01,4.72,4.12,0.605
"Bachman, Sam",696147,2026,217,135,0.223,0.221,0.002,0.38,0.337,0.0429999999999999,0.324,0.309,0.015,4.81,4.03,0.778
"Hicks, Jordan",663855,2026,216,118,0.228,0.193,0.035,0.344,0.249,0.0949999999999999,0.309,0.262,0.0469999999999999,3.94,2.85,1.088
"Warren, Austin",681810,2026,216,134,0.239,0.247,-0.008,0.404,0.403,0.001,0.328,0.33,-0.002,4.11,4.66,-0.547
"Kittredge, Andrew",552640,2026,215,163,0.274,0.267,0.007,0.413,0.411,0.002,0.314,0.308,0.006,3.54,4.01,-0.472
"Winn, Cole",668390,2026,215,149,0.277,0.274,0.003,0.456,0.442,0.014,0.342,0.337,0.005,5.63,4.89,0.735
"Chapman, Aroldis",547973,2026,213,118,0.187,0.179,0.008,0.294,0.277,0.0169999999999999,0.263,0.252,0.011,1.92,2.64,-0.724
"Quintana, Jose",500779,2026,212,166,0.283,0.279,0.0039999999999999,0.527,0.483,0.044,0.37,0.357,0.013,5.44,5.58,-0.142
"Johnson, Pierce",572955,2026,211,150,0.249,0.263,-0.014,0.434,0.451,-0.017,0.326,0.338,-0.012,4.62,4.92,-0.297
"Thielbar, Caleb",573204,2026,211,133,0.246,0.244,0.002,0.45,0.461,-0.011,0.327,0.328,-0.001,4.86,4.6,0.26
"Mathews, Quinn",687273,2026,211,144,0.259,0.246,0.013,0.384,0.359,0.025,0.317,0.302,0.015,3.83,3.84,-0.009
"Kilian, Caleb",668873,2026,209,129,0.238,0.216,0.0219999999999999,0.359,0.36,-0.001,0.302,0.292,0.01,4.91,3.57,1.339
"Beeter, Clayton",690925,2026,209,128,0.212,0.226,-0.014,0.376,0.379,-0.003,0.314,0.334,-0.02,4.5,4.79,-0.29
"Scholtens, Jesse",669947,2026,209,154,0.261,0.274,-0.013,0.516,0.468,0.0479999999999999,0.355,0.346,0.009,4.34,5.19,-0.847
"Svanson, Matt",694335,2026,207,143,0.306,0.301,0.005,0.45,0.467,-0.017,0.364,0.369,-0.005,7.27,6.03,1.239
"Sabrowski, Erik",681870,2026,203,94,0.157,0.142,0.015,0.265,0.246,0.019,0.258,0.251,0.007,2.61,2.62,-0.013
"Cano, Yennier",666974,2026,203,143,0.214,0.228,-0.014,0.278,0.342,-0.064,0.25,0.283,-0.0329999999999999,2.9,3.35,-0.451
"Kuhnel, Joel",669270,2026,202,152,0.277,0.295,-0.0179999999999999,0.446,0.449,-0.003,0.348,0.362,-0.014,4.4,5.77,-1.37
"Dion, Will",702021,2026,201,128,0.231,0.213,0.018,0.412,0.356,0.0559999999999999,0.311,0.283,0.028,3.62,3.35,0.274
"Basso, Brady",669620,2026,200,158,0.328,0.278,0.0499999999999999,0.516,0.382,0.134,0.374,0.307,0.067,6.07,3.98,2.09
"Pearson, Nate",663878,2026,200,127,0.222,0.222,0.0,0.311,0.357,-0.0459999999999999,0.306,0.321,-0.015,4.11,4.38,-0.271
"Hurt, Kyle",669165,2026,198,116,0.22,0.214,0.006,0.353,0.366,-0.013,0.299,0.299,0.0,4.14,3.76,0.379
"Whitlock, Garrett",676477,2026,198,130,0.204,0.219,-0.015,0.285,0.319,-0.034,0.233,0.251,-0.0179999999999999,1.72,2.62,-0.9
"Pérez, Cionel",672335,2026,198,135,0.264,0.265,-0.001,0.404,0.459,-0.0549999999999999,0.327,0.346,-0.0189999999999999,4.76,5.19,-0.425
"Sisk, Evan",681895,2026,197,113,0.226,0.206,0.02,0.327,0.293,0.034,0.318,0.299,0.019,3.02,3.76,-0.738
"King, John",667463,2026,197,143,0.192,0.229,-0.037,0.372,0.404,-0.032,0.281,0.31,-0.0289999999999999,3.99,4.06,-0.073
"Kimbrel, Craig",518886,2026,196,131,0.238,0.244,-0.006,0.375,0.374,0.001,0.313,0.316,-0.003,4.5,4.24,0.26
"Thornton, Trent",663423,2026,196,145,0.234,0.254,-0.0199999999999999,0.417,0.457,-0.04,0.318,0.339,-0.021,3.35,4.95,-1.598
"McCullers Jr., Lance",621121,2026,195,118,0.247,0.236,0.011,0.458,0.378,0.08,0.359,0.328,0.0309999999999999,6.54,4.6,1.945
"Bratt, Mitch",683352,2026,194,136,0.244,0.227,0.0169999999999999,0.415,0.356,0.059,0.341,0.312,0.029,4.71,4.12,0.585
"Dodd, Dylan",689266,2026,194,124,0.176,0.198,-0.022,0.341,0.354,-0.0129999999999999,0.26,0.273,-0.013,2.54,3.1,-0.563
"Waldron, Matt",663362,2026,194,148,0.322,0.235,0.087,0.52,0.374,0.146,0.379,0.291,0.088,6.54,3.55,2.989
"Jobe, Jackson",695549,2026,193,122,0.222,0.225,-0.003,0.409,0.375,0.0339999999999999,0.311,0.302,0.009,3.91,3.84,0.073
"Bradford, Cody",674003,2026,193,160,0.306,0.283,0.023,0.472,0.48,-0.008,0.355,0.346,0.009,4.29,5.19,-0.895
"Hoppe, Alex",695380,2026,192,122,0.247,0.253,-0.006,0.367,0.35,0.017,0.311,0.309,0.002,4.43,4.03,0.4
"Garcia, Brandyn",805299,2026,192,114,0.156,0.164,-0.008,0.231,0.25,-0.0189999999999999,0.216,0.225,-0.009,1.93,2.11,-0.181
"Santillan, Tony",663574,2026,191,125,0.256,0.262,-0.006,0.494,0.52,-0.026,0.373,0.385,-0.012,6.42,6.68,-0.262
"Speier, Gabe",642100,2026,190,125,0.211,0.214,-0.003,0.355,0.388,-0.033,0.285,0.297,-0.012,2.94,3.7,-0.765
"Roycroft, Chris",688297,2026,189,136,0.319,0.294,0.025,0.528,0.479,0.049,0.404,0.375,0.029,6.57,6.27,0.304
"Eisert, Brandon",685126,2026,189,125,0.254,0.239,0.015,0.432,0.378,0.0539999999999999,0.327,0.299,0.028,5.52,3.76,1.763
"Madden, Ty",680744,2026,189,127,0.191,0.206,-0.0149999999999999,0.324,0.312,0.012,0.261,0.263,-0.002,3.25,2.88,0.375
"Klein, Will",694361,2026,189,116,0.267,0.235,0.032,0.345,0.302,0.0429999999999999,0.319,0.289,0.03,3.67,3.5,0.172
"Orze, Eric",679358,2026,189,130,0.264,0.253,0.011,0.377,0.367,0.01,0.318,0.313,0.005,5.66,4.15,1.511
"Dollander, Chase",801403,2026,189,121,0.238,0.217,0.0209999999999999,0.409,0.387,0.0219999999999999,0.32,0.307,0.013,3.89,3.98,-0.094
"Rucker, Michael",621074,2026,186,117,0.235,0.236,-0.001,0.373,0.368,0.005,0.307,0.305,0.002,5.57,3.92,1.645
"Thompson, Ryan",657044,2026,186,141,0.304,0.275,0.0289999999999999,0.435,0.381,0.0539999999999999,0.345,0.311,0.0339999999999999,4.43,4.09,0.336
"Minter, A.J.",621345,2026,186,136,0.227,0.24,-0.0129999999999999,0.432,0.427,0.005,0.298,0.302,-0.004,2.56,3.84,-1.278
"Gibson, Trey",694346,2026,185,120,0.265,0.279,-0.014,0.432,0.457,-0.025,0.357,0.372,-0.015,6.13,6.15,-0.024
"Williams, Devin",642207,2026,184,111,0.267,0.218,0.049,0.379,0.306,0.073,0.326,0.278,0.0479999999999999,4.43,3.22,1.206
"Sterner, Justin",686993,2026,184,131,0.274,0.224,0.05,0.524,0.399,0.125,0.359,0.292,0.067,6.12,3.57,2.547
"Waguespack, Jacob",621097,2026,183,128,0.157,0.204,-0.0469999999999999,0.289,0.309,-0.02,0.246,0.273,-0.027,2.49,3.1,-0.611
"Fairbanks, Pete",664126,2026,183,102,0.222,0.211,0.011,0.424,0.421,0.003,0.327,0.322,0.005,6.32,4.42,1.895
"Dotel, Wilber",696062,2026,182,125,0.258,0.249,0.009,0.356,0.365,-0.009,0.3,0.301,-0.001,4.46,3.81,0.655
"Hill, Jaden",677955,2026,181,114,0.235,0.227,0.0079999999999999,0.366,0.345,0.021,0.317,0.306,0.011,5.22,3.95,1.268
"Cleavinger, Garrett",664076,2026,181,103,0.243,0.239,0.004,0.414,0.377,0.0369999999999999,0.325,0.317,0.008,4.79,4.27,0.52
"Jansen, Kenley",445276,2026,180,105,0.156,0.194,-0.038,0.305,0.363,-0.0579999999999999,0.259,0.293,-0.0339999999999999,3.2,3.6,-0.4
"Garcia, Julian",670062,2026,179,118,0.185,0.196,-0.011,0.357,0.304,0.0529999999999999,0.28,0.267,0.013,3.13,2.97,0.16
"Englert, Mason",669438,2026,179,131,0.313,0.286,0.027,0.614,0.563,0.051,0.402,0.373,0.029,5.95,6.19,-0.241
"De Jesus, Enmanuel",646241,2026,178,122,0.239,0.253,-0.014,0.358,0.407,-0.0489999999999999,0.3,0.323,-0.023,3.83,4.45,-0.623
"Parker, Mitchell",680730,2026,178,129,0.289,0.272,0.0169999999999999,0.503,0.462,0.0409999999999999,0.371,0.347,0.024,6.58,5.23,1.35
"Yates, Kirby",489446,2026,178,108,0.221,0.213,0.008,0.331,0.321,0.01,0.291,0.285,0.006,3.19,3.39,-0.201
"Ribalta, Orlando",687377,2026,178,118,0.217,0.209,0.008,0.344,0.382,-0.038,0.285,0.296,-0.011,3.77,3.68,0.087
"Lawrence, Justin",664875,2026,177,100,0.275,0.267,0.008,0.549,0.455,0.094,0.414,0.38,0.0339999999999999,7.34,6.47,0.87
"Milner, Hoby",571948,2026,177,139,0.266,0.292,-0.0259999999999999,0.418,0.446,-0.028,0.318,0.343,-0.025,3.64,5.09,-1.447
"Smith, Dylan",681916,2026,177,108,0.238,0.221,0.0169999999999999,0.333,0.368,-0.0349999999999999,0.298,0.306,-0.008,3.86,3.95,-0.093
"Winn, Keaton",676775,2026,176,123,0.222,0.24,-0.0179999999999999,0.34,0.36,-0.0199999999999999,0.29,0.308,-0.018,3.35,4.01,-0.661
"Banks, Tanner",621383,2026,176,122,0.329,0.253,0.076,0.557,0.402,0.155,0.405,0.315,0.09,6.19,4.21,1.983
"Mattson, Isaac",676755,2026,176,121,0.282,0.292,-0.01,0.436,0.498,-0.062,0.349,0.374,-0.025,5.35,6.23,-0.877
"Zuber, Tyler",676604,2026,175,120,0.287,0.24,0.0469999999999999,0.525,0.389,0.136,0.369,0.301,0.068,5.67,3.81,1.862
"Woodruff, Brandon",605540,2026,174,116,0.174,0.2,-0.026,0.304,0.358,-0.0539999999999999,0.231,0.263,-0.032,2.98,2.88,0.098
"Pagán, Emilio",641941,2026,174,114,0.213,0.2,0.0129999999999999,0.4,0.395,0.005,0.293,0.286,0.007,3.38,3.42,-0.045
"Hentges, Sam",656529,2026,173,103,0.246,0.222,0.0239999999999999,0.296,0.305,-0.009,0.308,0.301,0.007,3.19,3.81,-0.619
"Snell, Blake",605483,2026,173,101,0.203,0.182,0.021,0.248,0.228,0.0199999999999999,0.245,0.228,0.0169999999999999,1.9,2.17,-0.272
"Bird, Jake",656234,2026,172,113,0.276,0.234,0.042,0.454,0.41,0.044,0.351,0.318,0.0329999999999999,5.35,4.3,1.053
"Lovelady, Richard",663992,2026,172,113,0.293,0.28,0.0129999999999999,0.464,0.421,0.043,0.381,0.361,0.02,4.11,5.73,-1.616
"Criswell, Cooper",681867,2026,172,124,0.272,0.253,0.019,0.377,0.362,0.015,0.313,0.301,0.012,3.32,3.81,-0.49
"Kent, Jackson",800600,2026,170,115,0.276,0.274,0.002,0.4,0.409,-0.0089999999999999,0.352,0.353,-0.001,5.95,5.44,0.505
"Sommers, Drew",805427,2026,169,90,0.233,0.175,0.058,0.327,0.245,0.082,0.285,0.229,0.0559999999999999,3.63,2.18,1.45
"Sandlin, David",689818,2026,167,113,0.235,0.238,-0.003,0.425,0.397,0.0279999999999999,0.317,0.307,0.01,5.58,3.98,1.599
"Hader, Josh",623352,2026,167,97,0.125,0.149,-0.0239999999999999,0.171,0.242,-0.0709999999999999,0.18,0.215,-0.035,1.01,1.93,-0.923
"Guerrero, Tyron",594027,2026,166,115,0.239,0.22,0.0189999999999999,0.303,0.308,-0.005,0.263,0.254,0.009,3.1,2.68,0.418
"Strider, Spencer",675911,2026,165,98,0.232,0.188,0.044,0.5,0.359,0.141,0.355,0.29,0.065,5.31,3.52,1.788
"Mey, Luis",682825,2026,165,88,0.259,0.219,0.04,0.37,0.384,-0.014,0.338,0.327,0.011,6.23,4.57,1.661
"Ahlstrom, Robby",695239,2026,164,111,0.264,0.253,0.011,0.465,0.397,0.068,0.348,0.319,0.0289999999999999,6.08,4.32,1.761
"Urquidy, José",664353,2026,164,125,0.305,0.247,0.0579999999999999,0.455,0.353,0.102,0.347,0.286,0.061,4.95,3.42,1.534
"Yoho, Craig",684974,2026,164,102,0.206,0.227,-0.021,0.397,0.385,0.012,0.314,0.318,-0.004,4.93,4.3,0.63
"Whisenhunt, Carson",687931,2026,164,116,0.293,0.272,0.0209999999999999,0.464,0.467,-0.003,0.372,0.368,0.004,6.49,5.99,0.5
"Morgan, David",688158,2026,162,96,0.282,0.232,0.0499999999999999,0.389,0.31,0.079,0.349,0.301,0.0479999999999999,3.78,3.81,-0.03
"Strahm, Matt",621381,2026,161,115,0.269,0.225,0.044,0.572,0.428,0.1439999999999999,0.388,0.316,0.072,7.32,4.24,3.078
"Blewett, Scott",656240,2026,160,115,0.276,0.257,0.019,0.407,0.361,0.0459999999999999,0.315,0.301,0.014,3.13,3.81,-0.676
"Cornelio, Riley",683000,2026,160,91,0.206,0.198,0.0079999999999999,0.294,0.305,-0.011,0.297,0.306,-0.009,3.68,3.95,-0.268
"Povich, Cade",700249,2026,160,116,0.278,0.254,0.024,0.444,0.426,0.018,0.35,0.331,0.0189999999999999,4.38,4.69,-0.312
"Johnson, Seth",686751,2026,158,96,0.272,0.241,0.031,0.463,0.393,0.07,0.369,0.331,0.0379999999999999,5.88,4.69,1.191
"Banda, Anthony",607455,2026,156,100,0.235,0.234,0.0009999999999999,0.402,0.375,0.027,0.334,0.325,0.009,4.46,4.51,-0.054
"Walker, Ryan",676254,2026,155,112,0.31,0.254,0.0559999999999999,0.473,0.393,0.0799999999999999,0.375,0.323,0.0519999999999999,7.16,4.45,2.713
"Varland, Gus",681402,2026,155,108,0.316,0.296,0.02,0.574,0.565,0.009,0.401,0.392,0.009,6.54,6.98,-0.435
"Schweitzer, Tyler",805326,2026,154,124,0.262,0.29,-0.0279999999999999,0.404,0.484,-0.0799999999999999,0.319,0.359,-0.0399999999999999,3.13,5.65,-2.516
"Paredes, Mike",702474,2026,154,118,0.269,0.279,-0.01,0.47,0.445,0.0249999999999999,0.352,0.348,0.004,4.72,5.26,-0.542
"Armstrong, Shawn",542888,2026,154,99,0.229,0.216,0.013,0.366,0.383,-0.017,0.313,0.315,-0.002,4.58,4.21,0.375
"Barlow, Scott",605130,2026,153,97,0.21,0.236,-0.0259999999999999,0.435,0.448,-0.013,0.341,0.358,-0.0169999999999999,6.48,5.62,0.86
"Poulin, PJ",676571,2026,153,106,0.206,0.256,-0.05,0.351,0.441,-0.09,0.302,0.353,-0.0509999999999999,2.7,5.44,-2.74
"Romano, Jordan",605447,2026,153,94,0.221,0.216,0.005,0.374,0.332,0.0419999999999999,0.307,0.294,0.013,5.61,3.63,1.984
"Schultz, Paxton",687606,2026,153,107,0.314,0.275,0.0389999999999999,0.489,0.453,0.0359999999999999,0.372,0.342,0.0299999999999999,6.4,5.05,1.352
"Booser, Cam",592155,2026,152,101,0.174,0.204,-0.03,0.306,0.347,-0.0409999999999999,0.222,0.252,-0.03,1.98,2.64,-0.664
"Gastelum, Luis",703725,2026,152,94,0.241,0.243,-0.002,0.438,0.441,-0.003,0.325,0.327,-0.002,4.42,4.57,-0.152
"Wilson, Bryse",669060,2026,151,115,0.301,0.286,0.015,0.445,0.435,0.01,0.336,0.322,0.014,4.33,4.42,-0.09
"Aldegheri, Sam",691951,2026,151,111,0.238,0.271,-0.033,0.4,0.45,-0.0499999999999999,0.319,0.355,-0.0359999999999999,5.08,5.51,-0.431
"Ragans, Cole",666142,2026,151,83,0.213,0.218,-0.005,0.488,0.452,0.0359999999999999,0.355,0.344,0.011,4.84,5.12,-0.28
"Ashcraft, Graham",668933,2026,151,86,0.214,0.211,0.003,0.317,0.31,0.007,0.302,0.301,0.001,4.08,3.81,0.265
"Ferguson, Caleb",657571,2026,150,99,0.287,0.253,0.0339999999999999,0.473,0.421,0.0519999999999999,0.367,0.334,0.0329999999999999,5.18,4.79,0.392
"Murphy, Chris",669684,2026,150,95,0.25,0.216,0.034,0.43,0.357,0.073,0.342,0.303,0.039,4.81,3.87,0.942
"Mederos, Victor",682989,2026,148,96,0.211,0.226,-0.015,0.305,0.312,-0.007,0.28,0.289,-0.0089999999999999,3.41,3.5,-0.092
"Stock, Robert",476594,2026,147,99,0.297,0.265,0.0319999999999999,0.398,0.408,-0.0099999999999999,0.355,0.343,0.0119999999999999,5.93,5.09,0.844
"Anderson, Kade",807739,2026,146,105,0.259,0.257,0.002,0.4,0.394,0.006,0.305,0.304,0.001,3.79,3.89,-0.105
"Phillips, Connor",683175,2026,145,82,0.209,0.233,-0.024,0.355,0.399,-0.044,0.347,0.373,-0.026,5.4,6.19,-0.79
"Macko, Adam",671936,2026,145,95,0.304,0.267,0.0369999999999999,0.456,0.438,0.018,0.364,0.343,0.0209999999999999,5.23,5.09,0.136
"Leiter Jr., Mark",643410,2026,144,91,0.258,0.269,-0.011,0.344,0.365,-0.021,0.304,0.316,-0.012,4.28,4.24,0.037
"Smith-Shawver, AJ",700363,2026,144,99,0.256,0.241,0.015,0.472,0.423,0.0489999999999999,0.357,0.335,0.0219999999999999,6.61,4.82,1.786
"Blanco, Ronel",669854,2026,143,97,0.24,0.243,-0.003,0.496,0.434,0.062,0.358,0.337,0.0209999999999999,6.68,4.89,1.793
"Hurter, Brant",676428,2026,143,103,0.194,0.24,-0.0459999999999999,0.258,0.322,-0.064,0.247,0.296,-0.0489999999999999,3.06,3.68,-0.623
"Sears, JP",676664,2026,143,104,0.258,0.263,-0.005,0.422,0.441,-0.019,0.328,0.345,-0.0169999999999999,4.68,5.16,-0.476
"Black, Mason",696131,2026,142,101,0.252,0.284,-0.0319999999999999,0.429,0.482,-0.0529999999999999,0.353,0.387,-0.034,4.31,6.77,-2.461
"Adam, Jason",592094,2026,142,107,0.233,0.227,0.006,0.388,0.38,0.008,0.307,0.3,0.007,2.62,3.78,-1.159
"Halvorsen, Seth",678020,2026,141,99,0.27,0.295,-0.0249999999999999,0.484,0.475,0.009,0.368,0.375,-0.007,5.9,6.27,-0.373
"Sousa, Bennett",656986,2026,141,91,0.298,0.226,0.0719999999999999,0.455,0.371,0.084,0.371,0.313,0.0579999999999999,6.0,4.15,1.85
"Pecko, Ethan",814490,2026,140,101,0.202,0.229,-0.0269999999999999,0.363,0.412,-0.0489999999999999,0.294,0.322,-0.028,3.93,4.42,-0.488
"Bender, Anthony",669622,2026,140,84,0.169,0.193,-0.0239999999999999,0.226,0.283,-0.0569999999999999,0.224,0.253,-0.0289999999999999,2.62,2.66,-0.039
"Pivetta, Nick",601713,2026,140,89,0.206,0.216,-0.01,0.298,0.366,-0.068,0.249,0.277,-0.028,2.86,3.2,-0.344
"Seymour, Carson",693313,2026,140,100,0.256,0.294,-0.0379999999999999,0.455,0.49,-0.0349999999999999,0.348,0.374,-0.026,4.55,6.23,-1.683
"Petty, Chase",695534,2026,139,112,0.248,0.278,-0.03,0.448,0.47,-0.0219999999999999,0.328,0.361,-0.0329999999999999,4.83,5.73,-0.898
"Crochet, Garrett",676979,2026,138,86,0.27,0.262,0.008,0.467,0.442,0.025,0.358,0.344,0.014,6.3,5.12,1.18
"Giolito, Lucas",608337,2026,138,96,0.281,0.262,0.019,0.412,0.406,0.0059999999999999,0.37,0.358,0.012,5.16,5.62,-0.463
"Slaten, Justin",686580,2026,137,90,0.276,0.223,0.053,0.417,0.331,0.0859999999999999,0.323,0.266,0.0569999999999999,4.6,2.94,1.656
"Maton, Phil",664208,2026,136,84,0.306,0.293,0.013,0.514,0.487,0.027,0.398,0.389,0.009,6.18,6.85,-0.669
"Molina, Anthony",683627,2026,136,98,0.225,0.241,-0.0159999999999999,0.372,0.403,-0.031,0.278,0.297,-0.0189999999999999,3.97,3.7,0.271
"Pomeranz, Drew",519141,2026,135,100,0.278,0.267,0.011,0.496,0.463,0.0329999999999999,0.369,0.351,0.018,5.59,5.37,0.216
"Keller, Brad",641745,2026,135,88,0.246,0.226,0.0199999999999999,0.364,0.313,0.0509999999999999,0.309,0.284,0.025,4.02,3.37,0.651
"Ekness, Josh",694795,2026,134,88,0.211,0.21,0.001,0.294,0.336,-0.042,0.292,0.303,-0.011,3.23,3.87,-0.642
"Tong, Jonah",804636,2026,134,84,0.211,0.197,0.0139999999999999,0.298,0.311,-0.013,0.273,0.274,-0.001,3.81,3.13,0.685
"Woodford, Jake",663765,2026,134,101,0.352,0.333,0.0189999999999999,0.557,0.493,0.064,0.401,0.374,0.027,7.81,6.23,1.577
"Gamboa, Alec",687941,2026,132,97,0.231,0.206,0.025,0.35,0.308,0.0419999999999999,0.287,0.272,0.0149999999999999,1.91,3.08,-1.171
"Little, Brendon",663893,2026,132,63,0.274,0.184,0.09,0.472,0.304,0.1679999999999999,0.377,0.282,0.095,6.35,3.32,3.033
"Sanders, Cam",676742,2026,131,67,0.208,0.205,0.003,0.274,0.293,-0.0189999999999999,0.298,0.302,-0.004,4.6,3.84,0.762
"Natera Jr., Samy",696519,2026,131,68,0.193,0.178,0.015,0.272,0.261,0.011,0.256,0.246,0.01,3.13,2.51,0.616
"Weiss, Ryan",680802,2026,131,81,0.315,0.269,0.0459999999999999,0.568,0.488,0.0799999999999999,0.426,0.379,0.0469999999999999,7.62,6.43,1.185
"Pintaro, Jonathan",702752,2026,130,81,0.239,0.22,0.0189999999999999,0.413,0.37,0.0429999999999999,0.342,0.319,0.023,5.28,4.32,0.963
"Rojas, Kendry",696070,2026,130,73,0.221,0.179,0.042,0.327,0.282,0.045,0.321,0.288,0.033,3.34,3.47,-0.133
"Suarez, Robert",663158,2026,130,97,0.197,0.253,-0.0559999999999999,0.262,0.355,-0.0929999999999999,0.221,0.283,-0.0619999999999999,1.06,3.35,-2.291
"Treinen, Blake",595014,2026,130,85,0.254,0.261,-0.007,0.43,0.465,-0.035,0.328,0.343,-0.015,3.64,5.09,-1.45
"Cabrera, Jose",703615,2026,129,95,0.281,0.255,0.026,0.482,0.456,0.0259999999999999,0.368,0.347,0.021,5.72,5.23,0.488
"Davis, Tyler",699823,2026,128,85,0.191,0.219,-0.0279999999999999,0.3,0.338,-0.038,0.262,0.286,-0.0239999999999999,3.66,3.42,0.236
"Estrada, Jeremiah",669093,2026,126,72,0.183,0.21,-0.0269999999999999,0.266,0.315,-0.0489999999999999,0.259,0.286,-0.0269999999999999,3.48,3.42,0.064
"Walker, Josh",677020,2026,126,84,0.214,0.204,0.01,0.304,0.292,0.012,0.265,0.255,0.01,2.08,2.7,-0.623
"Gage, Matt",657424,2026,126,86,0.267,0.257,0.01,0.505,0.43,0.075,0.376,0.352,0.024,5.6,5.4,0.198
"Klassen, George",691946,2026,125,79,0.225,0.26,-0.035,0.324,0.386,-0.062,0.317,0.357,-0.0399999999999999,3.67,5.58,-1.913
"Rodríguez, Elmer",695684,2026,125,82,0.255,0.257,-0.002,0.353,0.387,-0.034,0.337,0.357,-0.0199999999999999,5.4,5.58,-0.18
"Gil, Luis",661563,2026,124,85,0.206,0.249,-0.043,0.412,0.43,-0.018,0.341,0.362,-0.0209999999999999,4.61,5.77,-1.16
"Hartlieb, Geoff",664129,2026,124,87,0.286,0.244,0.0419999999999999,0.4,0.349,0.051,0.336,0.305,0.031,4.82,3.92,0.901
"Adams, Mason",690279,2026,124,80,0.282,0.259,0.0229999999999999,0.509,0.457,0.0519999999999999,0.372,0.343,0.0289999999999999,4.03,5.09,-1.056
"Rangel, Alan",660604,2026,123,79,0.29,0.249,0.0409999999999999,0.495,0.37,0.125,0.378,0.317,0.061,5.88,4.27,1.615
"Palencia, Daniel",694037,2026,123,81,0.227,0.228,-0.001,0.382,0.379,0.003,0.299,0.299,0.0,3.64,3.76,-0.12
"Wilcox, Cole",677961,2026,123,76,0.262,0.284,-0.0219999999999999,0.34,0.404,-0.064,0.326,0.355,-0.0289999999999999,4.0,5.51,-1.51
"Fulton, Dax",690978,2026,122,77,0.219,0.226,-0.007,0.333,0.32,0.013,0.296,0.298,-0.002,3.77,3.73,0.037
"Greene, Hunter",668881,2026,121,79,0.261,0.268,-0.007,0.423,0.429,-0.006,0.322,0.325,-0.003,6.83,4.51,2.321
"Williams, Trevor",592866,2026,120,74,0.229,0.233,-0.004,0.381,0.351,0.03,0.299,0.302,-0.003,3.14,3.84,-0.7
"Davila, Nick",689546,2026,119,89,0.24,0.273,-0.033,0.35,0.386,-0.036,0.315,0.34,-0.025,4.94,4.99,-0.051
"Thomas, Connor",671162,2026,118,89,0.308,0.259,0.0489999999999999,0.462,0.413,0.049,0.359,0.325,0.0339999999999999,7.01,4.51,2.503
"Foley, Jason",671345,2026,117,91,0.267,0.257,0.01,0.41,0.39,0.0199999999999999,0.32,0.309,0.011,4.15,4.03,0.124
"Vest, Will",676684,2026,116,77,0.275,0.244,0.031,0.382,0.365,0.017,0.326,0.307,0.019,6.08,3.98,2.095
"Walker, Taijuan",592836,2026,115,86,0.353,0.312,0.0409999999999999,0.657,0.582,0.075,0.455,0.411,0.044,9.13,7.86,1.272
"Sullivan, Sean",807743,2026,114,84,0.343,0.241,0.102,0.677,0.431,0.246,0.461,0.335,0.126,8.87,4.82,4.046
"Akin, Keegan",669211,2026,114,88,0.284,0.246,0.0379999999999999,0.441,0.371,0.07,0.337,0.298,0.039,5.68,3.73,1.954
"Seabold, Connor",657756,2026,113,81,0.306,0.253,0.0529999999999999,0.429,0.364,0.065,0.352,0.308,0.0439999999999999,5.25,4.01,1.24
"Collyer, Gavin",686560,2026,113,65,0.193,0.203,-0.01,0.307,0.322,-0.015,0.32,0.328,-0.008,5.4,4.6,0.8
"Beeks, Jalen",656222,2026,113,84,0.272,0.282,-0.0099999999999999,0.495,0.522,-0.027,0.351,0.363,-0.012,3.81,5.8,-1.992
"Duarte, Daniel",650960,2026,112,74,0.163,0.206,-0.0429999999999999,0.269,0.332,-0.063,0.223,0.263,-0.04,2.12,2.88,-0.756
"Peralta, Sammy",671111,2026,112,76,0.347,0.3,0.0469999999999999,0.531,0.451,0.08,0.417,0.368,0.0489999999999999,6.65,5.99,0.662
"Castaño, Blas",680604,2026,111,79,0.273,0.288,-0.0149999999999999,0.465,0.493,-0.0279999999999999,0.351,0.367,-0.016,3.62,5.96,-2.338
"Mantiply, Joe",573009,2026,111,83,0.265,0.286,-0.0209999999999999,0.402,0.494,-0.0919999999999999,0.308,0.352,-0.0439999999999999,3.0,5.4,-2.4
"Wilkinson, Matt",683363,2026,110,85,0.21,0.218,-0.008,0.41,0.375,0.0349999999999999,0.282,0.272,0.0099999999999999,3.58,3.08,0.498
"Smith, Hagen",696146,2026,110,53,0.117,0.159,-0.0419999999999999,0.181,0.224,-0.043,0.211,0.243,-0.032,1.29,2.45,-1.164
"Roberts, Ethan",681799,2026,110,76,0.237,0.255,-0.018,0.376,0.391,-0.015,0.332,0.342,-0.01,4.21,5.05,-0.842
"Hernández, Jonathan",642546,2026,109,74,0.219,0.255,-0.036,0.385,0.389,-0.004,0.304,0.321,-0.017,5.68,4.38,1.304
"Cuas, Jose",621016,2026,108,68,0.283,0.297,-0.014,0.337,0.392,-0.0549999999999999,0.325,0.352,-0.0269999999999999,2.31,5.4,-3.086
"Topa, Justin",623437,2026,108,79,0.337,0.288,0.049,0.511,0.464,0.0469999999999999,0.403,0.367,0.036,6.96,5.96,0.995
"Phillips, Evan",623465,2026,106,66,0.227,0.236,-0.0089999999999999,0.433,0.498,-0.065,0.292,0.321,-0.029,3.46,4.38,-0.918
"Way, Beck",694360,2026,105,73,0.293,0.257,0.0359999999999999,0.435,0.395,0.0399999999999999,0.35,0.341,0.0089999999999999,3.86,5.02,-1.163
"Montgomery, Jordan",656756,2026,104,77,0.206,0.232,-0.026,0.33,0.365,-0.0349999999999999,0.258,0.282,-0.0239999999999999,4.15,3.32,0.834
"Perdomo, Cesar",702885,2026,104,83,0.284,0.267,0.0169999999999999,0.453,0.427,0.026,0.337,0.324,0.013,3.65,4.48,-0.831
"Borucki, Ryan",621366,2026,104,78,0.293,0.252,0.0409999999999999,0.478,0.372,0.1059999999999999,0.364,0.31,0.0539999999999999,4.94,4.06,0.884
"Aleman, Franco",680916,2026,103,61,0.281,0.233,0.048,0.438,0.384,0.0539999999999999,0.364,0.324,0.0399999999999999,4.43,4.48,-0.047
"Stewart, Brock",592779,2026,103,68,0.183,0.186,-0.003,0.333,0.301,0.032,0.258,0.248,0.01,2.7,2.55,0.15
"Marte, Yunior",805074,2026,103,78,0.258,0.276,-0.018,0.495,0.485,0.01,0.356,0.36,-0.004,4.44,5.69,-1.252
"Brieske, Beau",689225,2026,102,71,0.245,0.238,0.007,0.436,0.395,0.0409999999999999,0.32,0.301,0.019,4.97,3.81,1.164
"Fernandez, Ryan",681676,2026,100,61,0.216,0.218,-0.002,0.364,0.347,0.017,0.295,0.291,0.004,3.52,3.55,-0.028
"Nardi, Andrew",677053,2026,99,60,0.244,0.241,0.003,0.442,0.465,-0.023,0.343,0.348,-0.0049999999999999,5.16,5.26,-0.098
"Frasso, Nick",693308,2026,99,68,0.284,0.251,0.0329999999999999,0.466,0.399,0.067,0.354,0.321,0.0329999999999999,5.82,4.38,1.435
"Pallette, Peyton",688883,2026,97,56,0.218,0.25,-0.032,0.346,0.384,-0.038,0.333,0.356,-0.0229999999999999,5.23,5.54,-0.314
"Coulombe, Danny",543056,2026,96,70,0.225,0.251,-0.0259999999999999,0.275,0.311,-0.0359999999999999,0.3,0.321,-0.021,4.5,4.38,0.12
"Yan, Jefry",642376,2026,96,54,0.26,0.225,0.035,0.39,0.345,0.045,0.346,0.32,0.0259999999999999,4.87,4.35,0.519
"Díaz, Edwin",621242,2026,96,54,0.321,0.256,0.065,0.519,0.381,0.138,0.4,0.328,0.072,8.68,4.6,4.079
"Bolton, Cody",675989,2026,95,58,0.269,0.276,-0.007,0.462,0.472,-0.0099999999999999,0.371,0.38,-0.009,5.4,6.47,-1.07
"Drake, Kohl",684442,2026,95,67,0.293,0.298,-0.005,0.585,0.597,-0.012,0.403,0.412,-0.0089999999999999,6.53,7.91,-1.378
"Harris, Trent",805345,2026,94,60,0.23,0.197,0.033,0.345,0.28,0.0649999999999999,0.281,0.241,0.04,2.31,2.41,-0.096
"Curry, Xzavion",675540,2026,94,69,0.262,0.226,0.036,0.56,0.482,0.078,0.385,0.341,0.0439999999999999,5.48,5.02,0.464
"Kranick, Max",668820,2026,94,69,0.342,0.28,0.062,0.608,0.446,0.1619999999999999,0.449,0.369,0.08,9.33,6.03,3.297
"Backhus, Kyle",679775,2026,94,66,0.294,0.247,0.0469999999999999,0.447,0.385,0.062,0.349,0.308,0.0409999999999999,4.95,4.01,0.94
"De los Santos, Yerry",660787,2026,94,69,0.238,0.272,-0.034,0.393,0.437,-0.0439999999999999,0.304,0.334,-0.03,2.04,4.79,-2.745
"Abel, Mick",690953,2026,93,57,0.275,0.273,0.002,0.35,0.413,-0.063,0.329,0.349,-0.0199999999999999,3.98,5.3,-1.316
"Anderson, Shaun",641312,2026,93,65,0.309,0.303,0.006,0.469,0.515,-0.046,0.38,0.391,-0.011,7.65,6.94,0.71
"Hanifee, Brenan",669724,2026,93,75,0.286,0.301,-0.015,0.512,0.5,0.012,0.369,0.37,-0.001,5.06,6.07,-1.007
"Sanmartin, Reiver",665665,2026,93,70,0.259,0.261,-0.002,0.435,0.396,0.0389999999999999,0.324,0.309,0.015,4.22,4.03,0.189
"Franco, Jose",683742,2026,92,62,0.25,0.236,0.014,0.461,0.392,0.069,0.363,0.347,0.016,4.43,5.23,-0.804
"Sears, Andrew",808825,2026,92,65,0.3,0.234,0.0659999999999999,0.525,0.386,0.139,0.399,0.323,0.076,7.11,4.45,2.655
"Morgan, Eli",669212,2026,91,64,0.3,0.324,-0.024,0.525,0.512,0.013,0.396,0.399,-0.003,5.12,7.3,-2.179
"Morales, Luis",806960,2026,90,62,0.365,0.303,0.062,0.73,0.522,0.2079999999999999,0.499,0.407,0.092,13.5,7.67,5.83
"Samaniego, Tyler",701719,2026,90,63,0.286,0.271,0.0149999999999999,0.351,0.403,-0.052,0.324,0.335,-0.011,2.66,4.82,-2.164
"Murphy, Luke",684665,2026,89,57,0.273,0.236,0.037,0.429,0.372,0.0569999999999999,0.355,0.32,0.0349999999999999,6.75,4.35,2.4
"Morris, Kade",695034,2026,89,69,0.39,0.289,0.101,0.649,0.417,0.232,0.465,0.359,0.106,10.9,5.65,5.254
"Bummer, Aaron",607481,2026,88,63,0.324,0.271,0.0529999999999999,0.676,0.521,0.155,0.457,0.382,0.075,10.26,6.56,3.7
"Saucedo, Tayler",642048,2026,87,51,0.2,0.178,0.022,0.267,0.289,-0.0219999999999999,0.26,0.256,0.004,2.53,2.72,-0.189
"Barco, Hunter",682995,2026,87,58,0.296,0.28,0.0159999999999999,0.535,0.466,0.069,0.411,0.381,0.0299999999999999,7.64,6.51,1.132
"Curtis, Khristian",694753,2026,87,61,0.205,0.196,0.0089999999999999,0.301,0.346,-0.0449999999999999,0.289,0.298,-0.009,4.71,3.73,0.984
"Jameson, Drey",686753,2026,86,62,0.257,0.275,-0.018,0.378,0.397,-0.019,0.325,0.341,-0.016,5.12,5.02,0.101
"Abner, Philip",691769,2026,86,65,0.284,0.298,-0.014,0.568,0.57,-0.002,0.4,0.408,-0.0079999999999999,7.11,7.72,-0.615
"Crow, Coleman",689441,2026,85,68,0.276,0.269,0.007,0.474,0.448,0.0259999999999999,0.34,0.34,0.0,5.3,4.99,0.314
"Bigge, Hunter",685801,2026,85,57,0.2,0.23,-0.03,0.329,0.34,-0.011,0.297,0.311,-0.014,6.98,4.09,2.893
"Alexander, Jason",669920,2026,84,61,0.28,0.257,0.023,0.56,0.415,0.145,0.391,0.332,0.059,9.33,4.73,4.597
"Rom, Drew",680723,2026,83,59,0.301,0.279,0.0219999999999999,0.466,0.458,0.008,0.349,0.346,0.003,5.6,5.19,0.414
"Mears, Nick",683232,2026,83,57,0.257,0.298,-0.0409999999999999,0.443,0.506,-0.063,0.344,0.382,-0.038,5.12,6.56,-1.439
"Beck, Tristan",663941,2026,83,68,0.28,0.253,0.027,0.427,0.428,-0.001,0.33,0.321,0.009,5.21,4.38,0.831
"Burgos, Raymond",670103,2026,82,65,0.212,0.232,-0.02,0.362,0.402,-0.04,0.252,0.275,-0.023,4.22,3.15,1.069
"Kelly, Antwone",699008,2026,81,58,0.268,0.273,-0.005,0.549,0.423,0.126,0.38,0.344,0.036,4.82,5.12,-0.299
"Boyle, Joe",671212,2026,81,51,0.186,0.234,-0.048,0.314,0.361,-0.0469999999999999,0.262,0.307,-0.0449999999999999,5.21,3.98,1.231
"Bido, Osvaldo",674370,2026,81,56,0.224,0.273,-0.049,0.403,0.449,-0.0459999999999999,0.344,0.377,-0.033,6.27,6.35,-0.082
"Juenger, Hayden",696522,2026,81,65,0.358,0.313,0.0449999999999999,0.478,0.473,0.005,0.387,0.371,0.016,9.0,6.11,2.89
"Vargas, Carlos",672841,2026,81,56,0.219,0.246,-0.0269999999999999,0.384,0.401,-0.017,0.302,0.32,-0.018,4.74,4.35,0.387
"Carrillo, Gerardo",672629,2026,81,42,0.222,0.184,0.038,0.302,0.277,0.0249999999999999,0.323,0.299,0.024,4.15,3.76,0.394
"Allen, Logan",671106,2026,81,57,0.319,0.242,0.077,0.5,0.4,0.0999999999999999,0.384,0.315,0.069,5.94,4.21,1.73
"Bidois, Brandan",684049,2026,80,47,0.297,0.253,0.0439999999999999,0.547,0.469,0.078,0.407,0.363,0.0439999999999999,6.32,5.8,0.519
"Weiman, Blake",676620,2026,79,60,0.301,0.231,0.0699999999999999,0.479,0.39,0.0889999999999999,0.332,0.27,0.062,2.55,3.03,-0.483
"Murray, Jayden",681151,2026,79,56,0.362,0.273,0.0889999999999999,0.594,0.495,0.0989999999999999,0.438,0.363,0.075,9.37,5.8,3.567
"Lavender, Nate",681320,2026,79,49,0.16,0.187,-0.0269999999999999,0.28,0.29,-0.0099999999999999,0.213,0.228,-0.015,1.66,2.17,-0.508
"McFarlane, Alex",686934,2026,79,52,0.211,0.24,-0.0289999999999999,0.324,0.35,-0.0259999999999999,0.273,0.294,-0.0209999999999999,2.84,3.63,-0.788
"Leasure, Jordan",673929,2026,78,52,0.217,0.269,-0.052,0.507,0.624,-0.1169999999999999,0.337,0.406,-0.069,6.27,7.62,-1.352
"Palmquist, Carson",687223,2026,78,52,0.323,0.271,0.0519999999999999,0.431,0.374,0.0569999999999999,0.378,0.337,0.0409999999999999,7.71,4.89,2.824
"Tur, Yunior",814305,2026,78,52,0.379,0.307,0.072,0.742,0.618,0.124,0.51,0.438,0.072,16.34,9.28,7.062
"Laweryson, Cody",689520,2026,78,50,0.227,0.245,-0.0179999999999999,0.409,0.389,0.0199999999999999,0.32,0.33,-0.01,4.86,4.66,0.2
"Ferguson, Tyler",621053,2026,78,50,0.211,0.223,-0.012,0.507,0.456,0.0509999999999999,0.338,0.324,0.014,5.3,4.48,0.824
"Ralston, Jack",667652,2026,77,48,0.231,0.215,0.016,0.523,0.445,0.078,0.359,0.327,0.0319999999999999,5.71,4.57,1.142
"Kent, Zak",687849,2026,77,57,0.279,0.259,0.02,0.544,0.447,0.097,0.38,0.349,0.031,5.51,5.3,0.21
"Mautz, Brycen",802408,2026,75,43,0.295,0.246,0.0489999999999999,0.459,0.42,0.039,0.391,0.357,0.034,5.87,5.58,0.29
"Manfredi, Mark",815081,2026,75,50,0.227,0.228,-0.001,0.348,0.417,-0.069,0.301,0.325,-0.024,3.06,4.51,-1.453
"García, Luis",472610,2026,74,61,0.348,0.329,0.0189999999999999,0.545,0.522,0.023,0.415,0.397,0.0179999999999999,9.0,7.21,1.79
"Cosgrove, Tom",676680,2026,74,52,0.29,0.249,0.0409999999999999,0.565,0.41,0.1549999999999999,0.379,0.32,0.059,7.71,4.35,3.364
"Carrasco, Carlos",471911,2026,73,61,0.318,0.371,-0.0529999999999999,0.485,0.586,-0.1009999999999999,0.373,0.432,-0.059,5.94,8.95,-3.01
"Martin, Trevor",694680,2026,73,55,0.313,0.258,0.0549999999999999,0.563,0.472,0.0909999999999999,0.415,0.359,0.0559999999999999,4.11,5.65,-1.541
"Smith, Burch",572143,2026,73,46,0.277,0.217,0.06,0.462,0.347,0.115,0.354,0.287,0.067,3.18,3.45,-0.274
"Chivilli, Angel",683409,2026,73,49,0.215,0.22,-0.005,0.431,0.394,0.0369999999999999,0.321,0.309,0.012,3.78,4.03,-0.25
"Núñez, Dedniel",673380,2026,72,52,0.236,0.24,-0.004,0.444,0.455,-0.011,0.29,0.293,-0.003,3.32,3.6,-0.284
"Kelly, Zack",677161,2026,71,49,0.233,0.29,-0.0569999999999999,0.3,0.432,-0.132,0.28,0.368,-0.0879999999999999,3.31,5.99,-2.684
"Henry, Cole",669371,2026,71,44,0.288,0.256,0.0319999999999999,0.542,0.478,0.064,0.409,0.374,0.0349999999999999,7.9,6.23,1.672
"Garcia, Robert",676395,2026,71,51,0.21,0.229,-0.019,0.29,0.337,-0.047,0.278,0.302,-0.0239999999999999,2.41,3.84,-1.429
"Cruz, Yovanny",672442,2026,70,44,0.271,0.263,0.008,0.407,0.405,0.0019999999999999,0.358,0.352,0.006,5.06,5.4,-0.337
"Brogdon, Connor",641401,2026,70,51,0.238,0.256,-0.018,0.524,0.504,0.02,0.345,0.345,0.0,5.06,5.16,-0.097
"Gordon, Colton",676467,2026,70,53,0.391,0.306,0.085,0.734,0.509,0.2249999999999999,0.485,0.371,0.1139999999999999,8.79,6.11,2.681
"Enns, Dietrich",608650,2026,70,46,0.236,0.211,0.0249999999999999,0.327,0.335,-0.008,0.306,0.3,0.006,3.94,3.78,0.158
"Falter, Bailey",663559,2026,69,55,0.413,0.332,0.0809999999999999,0.667,0.502,0.165,0.485,0.386,0.0989999999999999,10.38,6.72,3.665
"Helsley, Ryan",664854,2026,68,38,0.22,0.185,0.035,0.407,0.296,0.1109999999999999,0.319,0.265,0.0539999999999999,4.11,2.92,1.189
"Olds, Wyatt",681544,2026,68,38,0.19,0.184,0.006,0.328,0.323,0.005,0.293,0.288,0.005,1.15,3.47,-2.321
"Peoples, Ben",687239,2026,68,49,0.241,0.221,0.0199999999999999,0.414,0.362,0.0519999999999999,0.333,0.305,0.028,2.75,3.92,-1.165
"Maxwell, Zach",687209,2026,67,45,0.321,0.274,0.0469999999999999,0.518,0.452,0.066,0.406,0.366,0.04,8.31,5.92,2.388
"Tolman, Erik",680899,2026,67,41,0.232,0.209,0.023,0.321,0.34,-0.019,0.295,0.293,0.002,2.94,3.6,-0.665
"Hoffman, Nolan",676510,2026,67,46,0.309,0.296,0.013,0.364,0.371,-0.007,0.343,0.343,0.0,3.6,5.09,-1.49
"Kerr, Ray",678061,2026,66,51,0.15,0.238,-0.088,0.267,0.357,-0.0899999999999999,0.209,0.281,-0.072,1.47,3.3,-1.827
"Martin, Chris",455119,2026,66,54,0.403,0.344,0.059,0.71,0.568,0.142,0.479,0.408,0.071,9.0,7.72,1.28
"Young, Danny",664849,2026,65,34,0.313,0.24,0.073,0.563,0.468,0.0949999999999999,0.449,0.391,0.0579999999999999,8.03,6.94,1.087
"Espino, Daniel",682982,2026,65,33,0.207,0.182,0.0249999999999999,0.379,0.317,0.062,0.299,0.264,0.0349999999999999,4.11,2.9,1.209
"Brash, Matt",666374,2026,64,40,0.151,0.234,-0.083,0.189,0.347,-0.1579999999999999,0.218,0.316,-0.098,0.54,4.24,-3.7
"Hollowell, Gavin",668970,2026,64,41,0.204,0.247,-0.043,0.37,0.45,-0.08,0.316,0.359,-0.0429999999999999,2.46,5.65,-3.195
"Dallas, Chad",689149,2026,64,39,0.236,0.214,0.0219999999999999,0.364,0.319,0.0449999999999999,0.31,0.289,0.021,5.02,3.5,1.523
"Barnes, Charlie",656212,2026,63,49,0.309,0.321,-0.012,0.527,0.531,-0.004,0.402,0.403,-0.001,6.92,7.48,-0.557
"Ullola, Miguel",699044,2026,62,39,0.127,0.15,-0.0229999999999999,0.273,0.289,-0.0159999999999999,0.23,0.245,-0.0149999999999999,2.16,2.49,-0.33
"Fulmer, Michael",605242,2026,61,34,0.212,0.212,0.0,0.404,0.343,0.061,0.32,0.299,0.021,3.29,3.76,-0.467
"Joyce, Ben",690829,2026,61,33,0.157,0.206,-0.0489999999999999,0.235,0.335,-0.1,0.249,0.301,-0.0519999999999999,4.11,3.81,0.299
"Strzelecki, Peter",657265,2026,61,45,0.25,0.201,0.0489999999999999,0.385,0.318,0.067,0.326,0.294,0.032,5.79,3.63,2.156
"McCambley, Zach",685112,2026,60,38,0.25,0.275,-0.025,0.346,0.48,-0.134,0.312,0.367,-0.0549999999999999,4.05,5.96,-1.91
"Perales, Luis",691384,2026,60,34,0.319,0.246,0.073,0.681,0.488,0.193,0.483,0.394,0.0889999999999999,11.46,7.07,4.385
"Santa, Alimber",695001,2026,59,44,0.16,0.207,-0.0469999999999999,0.24,0.272,-0.032,0.218,0.267,-0.049,1.17,2.97,-1.796
"Hoffmann, Andrew",694851,2026,59,37,0.333,0.243,0.09,0.583,0.399,0.1839999999999999,0.434,0.336,0.0979999999999999,7.71,4.86,2.854
"Beck, Brendan",694341,2026,58,37,0.26,0.271,-0.011,0.68,0.573,0.1070000000000001,0.435,0.401,0.0339999999999999,9.95,7.39,2.557
"Thompson, Keegan",624522,2026,57,44,0.365,0.343,0.0219999999999999,0.596,0.623,-0.027,0.407,0.407,0.0,8.25,7.67,0.58
"Estrada, Lazaro",681751,2026,57,37,0.178,0.217,-0.039,0.311,0.366,-0.0549999999999999,0.294,0.334,-0.04,5.54,4.79,0.748
"Winquest, Cade",685464,2026,57,32,0.196,0.155,0.041,0.283,0.212,0.0709999999999999,0.278,0.242,0.036,3.95,2.43,1.521
"Ross, Joe",605452,2026,57,44,0.314,0.307,0.007,0.549,0.524,0.025,0.404,0.391,0.013,9.26,6.94,2.317
"Paez, Jedixson",699151,2026,57,44,0.34,0.33,0.01,0.64,0.628,0.012,0.428,0.418,0.01,10.8,8.21,2.59
"Murphy, Owen",702566,2026,56,43,0.327,0.328,-0.001,0.615,0.567,0.048,0.423,0.403,0.0199999999999999,6.0,7.48,-1.48
"Rock, Joe",697812,2026,56,29,0.293,0.27,0.0229999999999999,0.317,0.402,-0.085,0.385,0.401,-0.016,5.23,7.39,-2.164
"Spence, Mitch",687765,2026,56,41,0.413,0.279,0.1339999999999999,0.717,0.409,0.308,0.509,0.361,0.148,21.21,5.73,15.484
"Voth, Austin",608723,2026,56,47,0.396,0.338,0.0579999999999999,0.646,0.557,0.0889999999999999,0.459,0.402,0.0569999999999999,9.9,7.44,2.46
"Sands, Cole",663485,2026,56,39,0.313,0.268,0.0449999999999999,0.583,0.507,0.0759999999999999,0.409,0.364,0.0449999999999999,8.25,5.84,2.41
"Waldrep, Hurston",694462,2026,56,35,0.295,0.231,0.0639999999999999,0.5,0.389,0.1109999999999999,0.419,0.359,0.06,8.44,5.65,2.788
"Van Eyk, CJ",669310,2026,55,48,0.3,0.303,-0.003,0.5,0.557,-0.057,0.364,0.395,-0.031,5.4,7.12,-1.72
"Martinez, Justin",679885,2026,55,26,0.116,0.114,0.002,0.163,0.145,0.018,0.234,0.229,0.005,2.02,2.18,-0.155
"Zerpa, Angel",672582,2026,55,41,0.333,0.327,0.006,0.521,0.53,-0.009,0.405,0.405,0.0,6.39,7.58,-1.185
"Hjerpe, Cooper",687309,2026,55,29,0.163,0.211,-0.0479999999999999,0.209,0.26,-0.051,0.268,0.302,-0.0339999999999999,4.38,3.84,0.538
"Kerry, Brett",695049,2026,54,40,0.212,0.23,-0.018,0.385,0.36,0.025,0.269,0.27,-0.001,3.95,3.03,0.921
"Curvelo, Luis",681168,2026,54,42,0.354,0.307,0.0469999999999999,0.708,0.544,0.1639999999999999,0.47,0.387,0.0829999999999999,9.58,6.77,2.811
"Hernández, Elieser",622694,2026,53,33,0.217,0.185,0.032,0.413,0.283,0.13,0.319,0.259,0.06,2.25,2.79,-0.54
"McGee, Easton",668834,2026,52,38,0.362,0.297,0.065,0.681,0.456,0.225,0.468,0.36,0.108,7.15,5.69,1.457
"Gose, Anthony",543238,2026,51,42,0.234,0.25,-0.0159999999999999,0.362,0.408,-0.0459999999999999,0.269,0.292,-0.0229999999999999,0.66,3.57,-2.911
"Stallings, Garrett",668831,2026,51,29,0.087,0.119,-0.032,0.109,0.135,-0.026,0.146,0.169,-0.023,0.0,1.24,-1.24
"Acton, Garrett",670183,2026,51,29,0.238,0.212,0.0259999999999999,0.405,0.396,0.009,0.33,0.317,0.013,5.73,4.27,1.457
"Knack, Landon",689017,2026,50,39,0.261,0.221,0.04,0.587,0.445,0.1419999999999999,0.37,0.311,0.059,3.86,4.09,-0.233
"Wicks, Jordan",696136,2026,50,39,0.383,0.283,0.1,0.553,0.408,0.145,0.423,0.322,0.1009999999999999,10.45,4.42,6.032
"Weisenburger, Jack",674073,2026,50,32,0.222,0.192,0.03,0.267,0.286,-0.0189999999999999,0.254,0.246,0.008,2.13,2.51,-0.378
"Granillo, Andre",701552,2026,50,38,0.333,0.295,0.038,0.538,0.44,0.098,0.427,0.394,0.0329999999999999,9.64,7.07,2.573
"Kempner, William",687531,2026,50,30,0.182,0.231,-0.049,0.295,0.355,-0.06,0.265,0.306,-0.0409999999999999,2.92,3.95,-1.031
"Foster, Cameron",671382,2026,49,32,0.415,0.254,0.1609999999999999,0.537,0.358,0.179,0.462,0.336,0.126,9.0,4.86,4.14
"Smith, Shane",681343,2026,49,27,0.316,0.246,0.07,0.5,0.293,0.207,0.424,0.333,0.0909999999999999,10.8,4.76,6.04
"Cortes, Carlos",666126,2026,49,40,0.375,0.294,0.081,0.725,0.524,0.2009999999999999,0.496,0.408,0.088,10.61,7.72,2.887
"Garrett, Braxton",666129,2026,49,30,0.306,0.259,0.0469999999999999,0.417,0.36,0.0569999999999999,0.402,0.37,0.032,7.71,6.07,1.644
"Trevino, Jose",624431,2026,49,44,0.468,0.379,0.089,0.745,0.635,0.1099999999999999,0.53,0.444,0.086,15.0,9.63,5.37
"Peguero, Joel",666711,2026,48,37,0.238,0.192,0.0459999999999999,0.31,0.247,0.063,0.297,0.255,0.0419999999999999,2.38,2.7,-0.318
"Bellozo, Valente",678368,2026,48,32,0.256,0.316,-0.06,0.641,0.737,-0.0959999999999999,0.42,0.475,-0.0549999999999999,7.59,11.61,-4.016
"Blalock, Bradley",687134,2026,48,32,0.25,0.244,0.006,0.545,0.484,0.061,0.367,0.34,0.0269999999999999,5.56,4.99,0.569
"Anderson, Jack",681252,2026,48,33,0.222,0.229,-0.007,0.333,0.417,-0.0839999999999999,0.269,0.301,-0.0319999999999999,2.19,3.81,-1.621
"Hiraldo, Yaramil",682274,2026,48,24,0.25,0.178,0.072,0.472,0.31,0.1619999999999999,0.391,0.317,0.074,8.68,4.27,4.409
"Burnes, Corbin",669203,2026,47,35,0.286,0.271,0.0149999999999999,0.738,0.596,0.142,0.441,0.389,0.0519999999999999,7.84,6.85,0.989
"Krook, Matt",640454,2026,46,25,0.265,0.293,-0.0279999999999999,0.5,0.448,0.0519999999999999,0.423,0.411,0.012,10.8,7.86,2.94
"Sims, Lucas",608371,2026,46,28,0.257,0.22,0.037,0.4,0.356,0.044,0.353,0.33,0.0229999999999999,4.5,4.66,-0.16
"Sinclair, Jack",695378,2026,46,31,0.158,0.23,-0.072,0.237,0.31,-0.073,0.249,0.31,-0.061,2.46,4.06,-1.605
"VanWey, Logan",701121,2026,46,36,0.256,0.243,0.013,0.326,0.337,-0.011,0.259,0.255,0.004,1.42,2.7,-1.279
"Heuer, Codi",676051,2026,46,34,0.308,0.269,0.0389999999999999,0.41,0.382,0.0279999999999999,0.355,0.335,0.0199999999999999,4.66,4.82,-0.165
"Lazar, Max",676661,2026,45,34,0.286,0.212,0.0739999999999999,0.524,0.39,0.134,0.369,0.286,0.083,6.3,3.42,2.88
"Yean, Eddy",678868,2026,45,35,0.19,0.24,-0.0499999999999999,0.333,0.318,0.015,0.256,0.273,-0.017,2.46,3.1,-0.645
"Rodríguez, Yariel",684320,2026,45,31,0.324,0.295,0.029,0.514,0.495,0.019,0.422,0.402,0.0199999999999999,7.71,7.44,0.274
"Allard, Kolby",663465,2026,45,32,0.39,0.317,0.073,0.659,0.533,0.126,0.467,0.385,0.082,10.38,6.68,3.705
"Shuster, Jared",694363,2026,44,34,0.289,0.239,0.0499999999999999,0.447,0.367,0.08,0.362,0.311,0.0509999999999999,9.0,4.09,4.91
"Rivera, Eduardo",700842,2026,44,28,0.211,0.205,0.006,0.342,0.341,0.001,0.3,0.296,0.004,6.3,3.68,2.62
"Roa, Christian",685005,2026,43,27,0.313,0.297,0.016,0.5,0.492,0.008,0.424,0.415,0.009,5.19,8.06,-2.868
"Kahnle, Tommy",592454,2026,43,32,0.324,0.285,0.039,0.595,0.489,0.1059999999999999,0.434,0.381,0.0529999999999999,8.0,6.51,1.49
"Lee, Chase",695445,2026,42,29,0.242,0.227,0.0149999999999999,0.515,0.331,0.184,0.379,0.312,0.067,6.52,4.12,2.397
"Nicolas, Kyle",693312,2026,42,22,0.276,0.272,0.004,0.414,0.444,-0.03,0.422,0.434,-0.012,8.59,9.06,-0.469
"Bivens, Spencer",702352,2026,42,24,0.371,0.264,0.1069999999999999,0.486,0.449,0.0369999999999999,0.412,0.355,0.0569999999999999,9.39,5.51,3.881
"Rodriguez, Carlos",692230,2026,42,30,0.263,0.228,0.035,0.395,0.327,0.068,0.324,0.282,0.042,3.86,3.32,0.537
"Koenig, Jared",657649,2026,41,26,0.364,0.246,0.118,0.576,0.416,0.1599999999999999,0.443,0.337,0.1059999999999999,9.0,4.89,4.11
"Sandlin, Nick",680704,2026,40,26,0.29,0.238,0.0519999999999999,0.548,0.463,0.085,0.419,0.377,0.0419999999999999,11.42,6.35,5.073
"Vanasco, Ricky",676568,2026,40,30,0.412,0.294,0.118,0.706,0.519,0.1869999999999999,0.511,0.399,0.1119999999999999,15.63,7.3,8.332
"Waldichuk, Ken",686610,2026,40,26,0.235,0.243,-0.008,0.588,0.577,0.011,0.399,0.397,0.002,6.75,7.21,-0.46
"Manoah, Alek",666201,2026,39,26,0.258,0.228,0.03,0.516,0.473,0.043,0.402,0.379,0.023,9.82,6.43,3.388
"Verlander, Justin",434378,2026,39,29,0.306,0.271,0.0349999999999999,0.639,0.572,0.067,0.422,0.382,0.0399999999999999,7.0,6.56,0.44
"Rajcic, Max",691008,2026,39,25,0.182,0.168,0.0139999999999999,0.394,0.318,0.076,0.311,0.281,0.0299999999999999,5.0,3.3,1.7
"Devenski, Chris",606965,2026,38,31,0.389,0.282,0.107,0.667,0.451,0.216,0.467,0.334,0.133,11.74,4.79,6.949
"Simpson, Josh",681006,2026,38,23,0.333,0.227,0.106,0.727,0.532,0.1949999999999999,0.482,0.369,0.1129999999999999,9.82,6.03,3.788
"Davitt, Duncan",701474,2026,37,28,0.303,0.332,-0.029,0.667,0.561,0.1059999999999999,0.433,0.407,0.026,7.88,7.67,0.205
"Karinchak, James",675916,2026,37,24,0.129,0.158,-0.0289999999999999,0.258,0.299,-0.0409999999999999,0.232,0.268,-0.036,1.86,2.99,-1.128
"Mills, Wyatt",670090,2026,36,20,0.208,0.234,-0.026,0.208,0.293,-0.0849999999999999,0.338,0.368,-0.0299999999999999,5.68,5.99,-0.306
"Gonzalez, Domingo",682445,2026,36,25,0.3,0.355,-0.0549999999999999,0.467,0.618,-0.1509999999999999,0.383,0.453,-0.07,4.7,10.17,-5.474
"Shook, TJ",669298,2026,36,27,0.353,0.261,0.0919999999999999,0.765,0.464,0.301,0.484,0.328,0.1559999999999999,8.22,4.6,3.617
"Trivino III, Lou",642152,2026,36,21,0.37,0.217,0.153,0.593,0.323,0.2699999999999999,0.465,0.33,0.135,15.0,4.66,10.34
"De León, Luis",801725,2026,36,28,0.152,0.192,-0.04,0.242,0.281,-0.039,0.195,0.226,-0.031,1.93,2.13,-0.201
"McDermott, Chayce",694646,2026,36,26,0.258,0.224,0.034,0.548,0.466,0.082,0.38,0.336,0.0439999999999999,5.87,4.86,1.01
"Payamps, Joel",606303,2026,36,23,0.281,0.252,0.029,0.594,0.548,0.0459999999999999,0.405,0.377,0.028,8.22,6.35,1.867
"Klein, John",804619,2026,35,22,0.179,0.188,-0.009,0.393,0.343,0.0499999999999999,0.311,0.33,-0.019,2.16,4.66,-2.5
"Brito, Jhony",666745,2026,35,28,0.206,0.225,-0.019,0.412,0.419,-0.007,0.275,0.285,-0.0099999999999999,3.0,3.39,-0.39
"Herz, DJ",687792,2026,35,26,0.344,0.332,0.0119999999999999,0.75,0.756,-0.006,0.481,0.478,0.003,10.29,11.82,-1.534
"Rodríguez, Manuel",655889,2026,35,16,0.24,0.213,0.0269999999999999,0.48,0.342,0.1379999999999999,0.401,0.351,0.05,2.7,5.37,-2.67
"Hanner, Bradley",690440,2026,34,26,0.333,0.281,0.0519999999999999,0.818,0.55,0.2679999999999999,0.487,0.361,0.126,8.59,5.73,2.861
"Díaz, Yilber",700270,2026,34,23,0.414,0.362,0.0519999999999999,0.793,0.666,0.127,0.539,0.475,0.064,16.5,11.61,4.89
"Law, Derek",571882,2026,34,26,0.267,0.317,-0.0499999999999999,0.333,0.462,-0.129,0.294,0.364,-0.07,1.0,5.84,-4.84
"Mushinski, Parker",656786,2026,34,29,0.31,0.325,-0.015,0.379,0.459,-0.08,0.36,0.39,-0.03,2.7,6.9,-4.2
"Johnson, Ty",694494,2026,34,19,0.25,0.23,0.0199999999999999,0.429,0.337,0.0919999999999999,0.331,0.303,0.028,3.52,3.87,-0.348
"Sullivan, Brett",664954,2026,34,31,0.355,0.364,-0.009,0.613,0.625,-0.012,0.418,0.429,-0.011,4.7,8.79,-4.094
"Gervase, Paul",801434,2026,34,21,0.241,0.238,0.003,0.241,0.313,-0.072,0.286,0.306,-0.02,2.35,3.95,-1.602
"Gerber, Joey",680702,2026,34,22,0.2,0.23,-0.03,0.4,0.373,0.027,0.306,0.309,-0.003,4.32,4.03,0.29
"Estes, Joey",683155,2026,34,27,0.387,0.337,0.0499999999999999,0.935,0.576,0.3590000000000001,0.545,0.396,0.149,11.04,7.16,3.885
"Hagenman, Justin",663795,2026,33,27,0.258,0.278,-0.02,0.452,0.56,-0.108,0.328,0.375,-0.0469999999999999,3.38,6.27,-2.895
"Miller, Bobby",676272,2026,33,18,0.192,0.239,-0.0469999999999999,0.385,0.456,-0.071,0.331,0.373,-0.0419999999999999,3.68,6.19,-2.508
"Tolbert, Tyler",686475,2026,33,29,0.586,0.501,0.0849999999999999,1.034,0.827,0.207,0.696,0.583,0.1129999999999999,25.07,22.3,2.771
"Gilbert, Tyler",656457,2026,32,24,0.429,0.343,0.0859999999999999,0.821,0.635,0.1859999999999999,0.552,0.45,0.102,12.0,9.98,2.02
"Martin, Riley",702303,2026,32,19,0.179,0.169,0.0099999999999999,0.286,0.312,-0.026,0.249,0.25,-0.001,2.16,2.6,-0.44
"Pushard, Matt",690155,2026,32,20,0.24,0.278,-0.038,0.28,0.39,-0.1099999999999999,0.298,0.347,-0.0489999999999999,5.14,5.23,-0.087
"Kelly, Michael",547184,2026,32,20,0.462,0.349,0.113,0.769,0.522,0.247,0.557,0.436,0.121,16.2,9.17,7.03
"Pop, Zach",647315,2026,31,21,0.2,0.248,-0.0479999999999999,0.32,0.358,-0.0379999999999999,0.271,0.317,-0.0459999999999999,3.68,4.27,-0.588
"Rainey, Tanner",663432,2026,31,16,0.136,0.156,-0.0199999999999999,0.182,0.213,-0.031,0.302,0.317,-0.015,3.86,4.27,-0.413
"France, J.P.",641585,2026,31,21,0.24,0.293,-0.0529999999999999,0.4,0.534,-0.134,0.358,0.42,-0.062,8.1,8.31,-0.21
"Irvin, Cole",608344,2026,30,21,0.308,0.288,0.02,0.5,0.512,-0.012,0.395,0.39,0.005,9.0,6.9,2.1
"Fitzpatrick, Brian",702153,2026,30,22,0.259,0.212,0.047,0.296,0.265,0.0309999999999999,0.29,0.257,0.0329999999999999,1.35,2.74,-1.39
"Leibrandt, Brandon",605335,2026,30,24,0.385,0.323,0.062,0.692,0.694,-0.002,0.461,0.437,0.024,7.5,9.23,-1.73
"Cellucci, Brendan",676454,2026,30,16,0.074,0.171,-0.097,0.148,0.333,-0.185,0.134,0.247,-0.1129999999999999,0.0,2.53,-2.53
"Gonzales, Marco",594835,2026,29,22,0.28,0.208,0.072,0.36,0.294,0.066,0.324,0.267,0.0569999999999999,1.35,2.97,-1.62
"Tiedemann, Ricky",694357,2026,29,14,0.227,0.239,-0.0119999999999999,0.227,0.302,-0.0749999999999999,0.323,0.347,-0.0239999999999999,1.5,5.23,-3.73
"Grove, Michael",675627,2026,28,22,0.259,0.289,-0.0299999999999999,0.63,0.708,-0.0779999999999999,0.36,0.423,-0.063,5.14,8.47,-3.327
"Cerantola, Eric",672021,2026,28,10,0.235,0.181,0.0539999999999999,0.588,0.315,0.2729999999999999,0.484,0.402,0.0819999999999999,10.13,7.44,2.685
"Corniell, Jose",692030,2026,28,20,0.478,0.273,0.2049999999999999,1.043,0.487,0.5559999999999999,0.645,0.365,0.28,20.77,5.88,14.889
"Peterson, Austin",804926,2026,27,17,0.16,0.237,-0.0769999999999999,0.4,0.557,-0.157,0.269,0.36,-0.0909999999999999,2.57,5.69,-3.119
"Vivas, Jorbit",678391,2026,27,23,0.478,0.372,0.1059999999999999,0.739,0.772,-0.033,0.554,0.517,0.037,13.5,14.94,-1.44
"Sanoja, Javier",691594,2026,27,24,0.458,0.327,0.131,0.833,0.766,0.0669999999999999,0.543,0.464,0.079,13.5,10.87,2.63
"Baumler, Carter",691945,2026,27,14,0.2,0.206,-0.0059999999999999,0.4,0.353,0.047,0.371,0.359,0.012,3.18,5.65,-2.474
"Vaughn, Andrew",683734,2026,26,19,0.6,0.428,0.172,1.2,0.764,0.4359999999999999,0.751,0.552,0.1989999999999999,30.0,18.45,11.55
"Rashi, Taylor",688497,2026,26,18,0.261,0.278,-0.017,0.435,0.462,-0.027,0.345,0.359,-0.014,7.94,5.65,2.291
"Heineman, Tyler",623168,2026,26,25,0.36,0.35,0.01,0.72,0.569,0.151,0.467,0.404,0.063,10.13,7.53,2.595
"Horton, Cade",690990,2026,26,20,0.167,0.249,-0.0819999999999999,0.292,0.321,-0.029,0.235,0.283,-0.0479999999999999,2.46,3.35,-0.895
"Roxby, Braxton",694820,2026,25,19,0.286,0.235,0.0509999999999999,0.286,0.289,-0.003,0.299,0.279,0.0199999999999999,3.38,3.25,0.125
"Martin, Corbin",656686,2026,25,16,0.25,0.248,0.002,0.55,0.509,0.041,0.41,0.396,0.0139999999999999,10.8,7.16,3.64
"Muñoz, Roddery",682610,2026,25,13,0.368,0.291,0.077,0.947,0.556,0.3909999999999999,0.586,0.44,0.1459999999999999,15.75,9.4,6.35
"Edwards Jr., Carl",605218,2026,25,10,0.143,0.159,-0.016,0.286,0.25,0.0359999999999999,0.265,0.258,0.007,1.5,2.77,-1.27
"Raya, Marco",694397,2026,25,18,0.227,0.274,-0.047,0.364,0.407,-0.0429999999999999,0.308,0.341,-0.033,3.0,5.02,-2.02
"Hopkins, Brody",811315,2026,24,11,0.111,0.12,-0.0089999999999999,0.278,0.177,0.101,0.297,0.27,0.0269999999999999,5.06,3.03,2.033
"Lucchesi, Joey",664192,2026,24,13,0.412,0.286,0.126,0.647,0.491,0.156,0.528,0.43,0.098,13.5,8.84,4.66
"Stubbs, Garrett",596117,2026,24,22,0.364,0.366,-0.002,0.591,0.713,-0.122,0.435,0.477,-0.0419999999999999,9.64,11.75,-2.107
"Spiers, Carson",686730,2026,24,18,0.25,0.307,-0.0569999999999999,0.75,0.749,0.001,0.416,0.438,-0.022,7.5,9.28,-1.78
"Cook, Alex",702047,2026,24,17,0.182,0.153,0.0289999999999999,0.364,0.276,0.0879999999999999,0.27,0.222,0.048,4.76,2.06,2.705
"Hamilton, Ian",641656,2026,23,16,0.3,0.307,-0.007,0.4,0.356,0.044,0.356,0.342,0.0139999999999999,7.71,5.05,2.664
"Jacob, Alek",689690,2026,23,14,0.25,0.179,0.071,0.45,0.305,0.145,0.352,0.272,0.0799999999999999,5.4,3.08,2.32
"Castro, Kervin",665645,2026,23,13,0.143,0.195,-0.052,0.19,0.245,-0.0549999999999999,0.193,0.235,-0.0419999999999999,1.42,2.3,-0.879
"Casparius, Ben",676508,2026,23,15,0.316,0.281,0.0349999999999999,0.474,0.467,0.0069999999999999,0.404,0.385,0.019,9.64,6.68,2.963
"Rojas, Miguel",500743,2026,23,21,0.429,0.373,0.0559999999999999,0.81,0.591,0.219,0.543,0.438,0.105,13.5,9.28,4.22
"McCann, James",543510,2026,23,20,0.474,0.465,0.0089999999999999,0.737,1.078,-0.3410000000000001,0.522,0.625,-0.1029999999999999,11.25,29.03,-17.78
"Emanuel, Kent",592288,2026,23,15,0.263,0.206,0.057,0.474,0.321,0.1529999999999999,0.379,0.308,0.071,3.6,4.01,-0.41
"Snelling, Robby",702281,2026,22,16,0.278,0.261,0.017,0.5,0.445,0.0549999999999999,0.399,0.371,0.028,5.4,6.11,-0.71
"Santos, Gregory",666619,2026,22,18,0.263,0.327,-0.064,0.474,0.428,0.0459999999999999,0.363,0.376,-0.013,3.6,6.31,-2.71
"Go, Woo-Suk",808970,2026,22,15,0.4,0.28,0.12,0.85,0.559,0.2909999999999999,0.543,0.386,0.157,9.0,6.72,2.28
"Wilson, Weston",642215,2026,21,21,0.55,0.427,0.123,0.85,0.698,0.152,0.577,0.466,0.1109999999999999,18.9,11.0,7.9
"Ryan, River",689981,2026,21,12,0.278,0.281,-0.003,0.5,0.38,0.12,0.385,0.343,0.0419999999999999,4.15,5.09,-0.936
"Brebbia, John",605154,2026,21,19,0.333,0.317,0.016,0.667,0.673,-0.006,0.425,0.414,0.011,10.38,8.01,2.375
"Zimmermann, Bruce",669145,2026,21,18,0.3,0.235,0.065,0.45,0.324,0.126,0.341,0.261,0.08,5.4,2.83,2.57
"Williamson, Ben",810938,2026,21,20,0.25,0.297,-0.0469999999999999,0.45,0.532,-0.082,0.318,0.369,-0.0509999999999999,3.6,6.03,-2.43
"Straw, Myles",664702,2026,20,19,0.421,0.319,0.1019999999999999,0.579,0.485,0.0939999999999999,0.449,0.365,0.084,4.5,5.88,-1.38
"Simpson, Jared",688692,2026,20,9,0.077,0.291,-0.2139999999999999,0.077,0.366,-0.289,0.289,0.431,-0.142,10.38,8.89,1.495
"Hedges, Austin",595978,2026,20,19,0.35,0.25,0.0999999999999999,0.35,0.304,0.0459999999999999,0.312,0.24,0.072,6.23,2.39,3.841
"Wantz, Andrew",681806,2026,20,14,0.333,0.326,0.007,0.6,0.582,0.018,0.477,0.463,0.0139999999999999,14.73,10.8,3.927
"Heasley, Jonathan",669169,2026,19,17,0.421,0.352,0.069,0.842,0.791,0.0509999999999999,0.536,0.479,0.057,11.25,11.89,-0.64
"Durán, Rodolfo",660710,2026,19,18,0.5,0.258,0.242,0.944,0.475,0.469,0.619,0.332,0.287,27.0,4.73,22.27
"Harvey, Hunter",640451,2026,18,13,0.294,0.216,0.0779999999999999,0.647,0.563,0.084,0.415,0.345,0.07,6.75,5.16,1.59
"Fleming, Josh",676596,2026,18,14,0.429,0.36,0.069,0.643,0.632,0.011,0.479,0.47,0.009,12.0,11.27,0.73
"Criswell, Jeff",676105,2026,18,12,0.267,0.3,-0.0329999999999999,0.667,0.613,0.054,0.443,0.436,0.007,4.5,9.17,-4.67
"Cannon, Jonathan",686563,2026,18,9,0.308,0.252,0.0559999999999999,0.462,0.45,0.012,0.433,0.409,0.024,9.0,7.77,1.23
"Monteverde, Patrick",687287,2026,18,15,0.294,0.255,0.0389999999999999,0.647,0.409,0.238,0.41,0.307,0.1029999999999999,9.0,3.98,5.02
"Oviedo, Johan",670912,2026,18,13,0.4,0.338,0.062,0.933,0.767,0.166,0.546,0.484,0.062,9.82,12.25,-2.432
"Higashioka, Kyle",543309,2026,18,16,0.571,0.509,0.0619999999999999,1.071,0.949,0.122,0.622,0.57,0.052,21.0,20.59,0.41
"Fernández, Julian",642759,2026,18,13,0.2,0.204,-0.0039999999999999,0.4,0.414,-0.0139999999999999,0.29,0.301,-0.011,2.25,3.81,-1.56
"Raquet, Nick",675919,2026,17,13,0.214,0.328,-0.114,0.5,0.498,0.002,0.372,0.416,-0.0439999999999999,7.36,8.11,-0.746
"Vargas, Ildemaro",545121,2026,17,13,0.25,0.259,-0.009,0.333,0.415,-0.0819999999999999,0.345,0.378,-0.033,4.91,6.39,-1.481
"Solesky, Chase",686678,2026,17,12,0.375,0.291,0.084,0.688,0.488,0.1999999999999999,0.467,0.353,0.114,6.0,5.44,0.56
"Burgos, Juan",686228,2026,17,16,0.214,0.196,0.0179999999999999,0.286,0.374,-0.088,0.251,0.274,-0.023,2.08,3.13,-1.053
"Eflin, Zach",621107,2026,17,8,0.267,0.202,0.065,0.533,0.404,0.129,0.382,0.307,0.075,2.46,3.98,-1.525
"Wiemer, Joey",686894,2026,16,13,0.583,0.423,0.1599999999999999,0.917,0.632,0.285,0.618,0.473,0.145,22.5,11.47,11.03
"Buttó, José",676130,2026,16,7,0.5,0.319,0.181,1.083,0.689,0.394,0.676,0.494,0.182,22.5,13.01,9.49
"Rodríguez, José",692064,2026,16,11,0.188,0.266,-0.078,0.25,0.341,-0.091,0.19,0.264,-0.074,0.0,2.9,-2.9
"Richardson, Lyon",680689,2026,16,8,0.167,0.23,-0.063,0.667,0.727,-0.0599999999999999,0.433,0.478,-0.0449999999999999,13.5,11.82,1.68
"Murdock, Noah",668716,2026,15,8,0.273,0.153,0.12,0.273,0.222,0.051,0.318,0.259,0.059,0.0,2.79,-2.79
"Taylor, Troy",700187,2026,15,11,0.308,0.209,0.099,0.615,0.361,0.254,0.432,0.303,0.129,9.0,3.87,5.13
"Callihan, Tyler",682997,2026,15,11,0.25,0.282,-0.0319999999999999,0.25,0.415,-0.1649999999999999,0.318,0.38,-0.062,0.0,6.47,-6.47
"Gray, Josiah",680686,2026,15,12,0.214,0.207,0.007,0.286,0.26,0.0259999999999999,0.249,0.237,0.012,0.0,2.34,-2.34
"Gonsolin, Tony",664062,2026,15,7,0.333,0.206,0.127,0.667,0.463,0.204,0.479,0.365,0.1139999999999999,16.88,5.88,10.995
"Seelinger, Matt",676910,2026,15,9,0.455,0.226,0.229,1.0,0.495,0.505,0.634,0.409,0.225,31.5,7.77,23.73
"Stratton, Hunter",676702,2026,15,12,0.4,0.403,-0.003,0.467,0.476,-0.0089999999999999,0.381,0.383,-0.002,5.4,6.6,-1.2
"Eder, Jake",671109,2026,15,13,0.231,0.363,-0.1319999999999999,0.308,0.746,-0.438,0.249,0.459,-0.21,2.25,10.54,-8.29
"McKinstry, Zach",656716,2026,15,9,0.333,0.263,0.07,0.667,0.41,0.257,0.537,0.454,0.083,18.0,10.23,7.77
"Ramos, Wilkin",678576,2026,15,10,0.455,0.388,0.067,0.545,0.47,0.075,0.508,0.459,0.0489999999999999,22.5,10.54,11.96
"Frazier, Adam",624428,2026,14,12,0.583,0.419,0.1639999999999999,0.917,0.559,0.358,0.654,0.465,0.189,18.0,10.93,7.07
"Rincon, Hancel",684516,2026,14,9,0.417,0.378,0.0389999999999999,0.833,0.687,0.1459999999999999,0.553,0.49,0.063,27.0,12.7,14.3
"Hernández, Carlos",672578,2026,14,9,0.385,0.437,-0.0519999999999999,0.692,0.769,-0.077,0.477,0.525,-0.048,6.0,15.68,-9.68
"Lonsway, Seth",675920,2026,14,12,0.5,0.226,0.274,0.5,0.245,0.255,0.445,0.205,0.24,7.71,1.77,5.944
"Pannone, Thomas",623381,2026,14,10,0.25,0.317,-0.067,0.5,0.508,-0.008,0.373,0.401,-0.028,6.0,7.39,-1.39
"Strowd, Kade",669704,2026,14,8,0.222,0.406,-0.184,0.222,0.479,-0.257,0.377,0.496,-0.119,3.38,13.17,-9.795
"Aguiar, Julian",687924,2026,14,11,0.308,0.2,0.1079999999999999,0.308,0.303,0.005,0.304,0.251,0.0529999999999999,6.0,2.62,3.38
"Houck, Tanner",656557,2026,13,12,0.308,0.368,-0.06,0.769,0.739,0.03,0.452,0.468,-0.016,9.0,11.13,-2.13
"Kelly, Carson",608348,2026,13,13,0.308,0.307,0.001,0.769,0.78,-0.011,0.452,0.449,0.003,6.0,9.92,-3.92
"Walston, Blake",686796,2026,13,8,0.125,0.222,-0.097,0.25,0.517,-0.267,0.178,0.323,-0.145,3.0,4.45,-1.45
"Rivas, Leo",660844,2026,13,12,0.818,0.46,0.3579999999999999,1.182,0.889,0.2929999999999999,0.788,0.604,0.184,63.0,25.41,37.59
"Mateo, Jorge",622761,2026,12,10,0.455,0.38,0.075,0.455,0.442,0.013,0.429,0.387,0.0419999999999999,3.86,6.77,-2.913
"Brzykcy, Zach",694350,2026,12,8,0.3,0.244,0.0559999999999999,0.4,0.276,0.124,0.37,0.304,0.066,3.0,3.89,-0.89
"Rutledge, Jackson",671131,2026,12,8,0.6,0.315,0.285,0.9,0.527,0.373,0.651,0.418,0.233,47.25,8.21,39.04
"Muñoz, Rolddy",691548,2026,12,8,0.455,0.312,0.143,0.727,0.636,0.0909999999999999,0.526,0.426,0.1,13.5,8.62,4.88
"Castellano, Eiberson",682769,2026,12,9,0.364,0.354,0.01,0.455,0.445,0.01,0.388,0.376,0.012,0.0,6.31,-6.31
"Rogers, Jake",668670,2026,12,7,0.3,0.272,0.0279999999999999,0.4,0.333,0.067,0.372,0.337,0.0349999999999999,0.0,4.89,-4.89
"Torrens, Luis",620443,2026,11,11,0.364,0.315,0.0489999999999999,0.909,0.524,0.385,0.534,0.36,0.174,7.71,5.69,2.024
"Andrews, Tanner",681084,2026,11,8,0.111,0.135,-0.024,0.111,0.289,-0.178,0.208,0.273,-0.065,0.0,3.1,-3.1
"Uberstine, Tyler",700413,2026,11,8,0.3,0.274,0.0259999999999999,0.7,0.551,0.1489999999999999,0.445,0.378,0.067,3.38,6.39,-3.015
"Velasquez, Vince",592826,2026,11,10,0.091,0.151,-0.06,0.182,0.199,-0.017,0.115,0.154,-0.0389999999999999,0.0,1.05,-1.05
"Keller, Brian",662144,2026,11,8,0.182,0.252,-0.07,0.455,0.616,-0.1609999999999999,0.267,0.361,-0.0939999999999999,3.0,5.73,-2.73
"Herrera, Welinton",700327,2026,10,7,0.222,0.288,-0.0659999999999999,0.222,0.387,-0.165,0.248,0.334,-0.086,0.0,4.79,-4.79
"Jackson, Alex",656577,2026,10,9,0.333,0.12,0.213,1.0,0.262,0.738,0.569,0.215,0.354,13.5,1.93,11.57
"Koss, Christian",683766,2026,10,10,0.5,0.408,0.092,0.7,0.535,0.1649999999999999,0.519,0.407,0.112,13.5,7.67,5.83
"Acuña, Luisangel",682668,2026,10,9,0.222,0.3,-0.0779999999999999,0.556,0.4,0.156,0.364,0.34,0.0239999999999999,3.86,4.99,-1.133
"Kriske, Brooks",621139,2026,10,8,0.2,0.249,-0.0489999999999999,0.2,0.319,-0.119,0.178,0.244,-0.066,0.0,2.47,-2.47
"Sánchez, Gary",596142,2026,10,10,0.4,0.327,0.073,0.4,0.367,0.033,0.356,0.304,0.0519999999999999,0.0,3.89,-3.89
"Ponce, Cody",664074,2026,10,6,0.111,0.177,-0.0659999999999999,0.222,0.277,-0.055,0.196,0.243,-0.0469999999999999,3.86,2.45,1.407
"Teodo, Emiliano",693713,2026,10,7,0.375,0.287,0.088,0.5,0.413,0.087,0.444,0.38,0.064,10.8,6.47,4.33
"Bautista, Félix",642585,2026,10,6,0.444,0.31,0.134,0.889,0.491,0.398,0.579,0.376,0.2029999999999999,16.2,6.31,9.89
"Del Castillo, Adrian",680728,2026,10,9,0.444,0.496,-0.0519999999999999,0.444,0.749,-0.305,0.429,0.532,-0.103,5.4,16.35,-10.95
"Robles, Victor",645302,2026,9,8,0.625,0.49,0.135,0.625,0.618,0.007,0.572,0.504,0.0679999999999999,27.0,13.82,13.18
"Kennedy, Buddy",671083,2026,9,7,0.667,0.409,0.258,1.0,0.634,0.366,0.633,0.515,0.118,36.0,14.76,21.24
"Duran, Carlos",679922,2026,9,5,0.333,0.166,0.167,0.333,0.199,0.134,0.431,0.334,0.0969999999999999,13.5,4.79,8.71
"Nikhazy, Doug",680951,2026,9,6,0.143,0.19,-0.047,0.143,0.208,-0.065,0.254,0.291,-0.0369999999999999,4.5,3.55,0.95
"Blach, Ty",621389,2026,9,7,0.111,0.292,-0.181,0.111,0.338,-0.227,0.099,0.269,-0.17,0.0,3.01,-3.01
"Johnston, Troy",687859,2026,9,7,0.143,0.177,-0.034,0.143,0.207,-0.064,0.257,0.289,-0.0319999999999999,0.0,3.5,-3.5
"Hendrickson, Josh",681973,2026,9,6,0.222,0.215,0.007,0.222,0.292,-0.0699999999999999,0.198,0.219,-0.0209999999999999,3.38,2.0,1.375
"Santos, Winston",692437,2026,9,7,0.25,0.285,-0.0349999999999999,0.625,0.545,0.0799999999999999,0.404,0.387,0.017,9.0,6.77,2.23
"Adams, Blake",687060,2026,9,7,0.714,0.535,0.1789999999999999,1.286,1.109,0.177,0.82,0.698,0.122,45.0,47.4,-2.4
"Torres, Bryan",663494,2026,8,7,0.143,0.48,-0.3369999999999999,0.143,0.642,-0.499,0.199,0.516,-0.317,0.0,14.85,-14.85
"White, Josh",687985,2026,8,2,0.333,0.34,-0.007,1.333,1.342,-0.0090000000000001,0.696,0.693,0.003,67.5,45.75,21.75
"Bowden, Ben",641386,2026,8,5,0.4,0.387,0.013,0.6,0.632,-0.032,0.535,0.538,-0.003,36.0,16.95,19.05
"Monasterio, Andruw",655316,2026,8,5,0.75,0.426,0.324,2.25,1.081,1.169,0.885,0.601,0.284,67.5,24.94,42.56
"Moore, Dylan",664238,2026,8,6,0.167,0.235,-0.0679999999999999,0.167,0.324,-0.157,0.29,0.379,-0.089,5.4,6.43,-1.03
"Cornielle, Alexander",529017,2026,7,4,0.5,0.334,0.1659999999999999,1.167,1.089,0.078,0.7,0.602,0.0979999999999999,18.0,25.09,-7.09
"Lopez, Nicky",670032,2026,7,6,0.571,0.355,0.2159999999999999,0.571,0.417,0.1539999999999999,0.509,0.34,0.1689999999999999,9.0,4.99,4.01
"Pagés, Pedro",686780,2026,7,7,0.286,0.407,-0.121,0.714,0.991,-0.277,0.42,0.584,-0.1639999999999999,4.5,22.44,-17.94
"Estévez, Carlos",608032,2026,7,5,0.8,0.494,0.306,1.4,0.917,0.4829999999999999,0.874,0.628,0.246,162.0,29.59,132.41
"Holman, Grant",680880,2026,7,6,0.667,0.455,0.212,0.833,0.735,0.0979999999999999,0.661,0.534,0.127,0.0,16.55,-16.55
"Marte, Yunior",628708,2026,6,3,0.75,0.537,0.2129999999999999,1.0,0.654,0.346,0.754,0.561,0.1929999999999999,108.0,19.49,88.51
"Kingham, Nolan",663884,2026,6,3,0.333,0.152,0.181,0.333,0.175,0.158,0.381,0.333,0.0479999999999999,9.0,4.76,4.24
"Martinez, Seth",661527,2026,6,4,0.4,0.283,0.117,0.6,0.38,0.2199999999999999,0.48,0.36,0.12,9.0,5.69,3.31
"Wade Jr., LaMonte",664774,2026,6,6,0.5,0.517,-0.017,1.167,0.894,0.273,0.7,0.599,0.1009999999999999,18.0,24.63,-6.63
"Tromp, Chadwick",644433,2026,6,5,0.6,0.294,0.306,1.4,0.496,0.904,0.817,0.395,0.4219999999999999,18.0,7.12,10.88
"Díaz, Jhonathan",646242,2026,6,5,0.333,0.299,0.034,0.833,0.796,0.0369999999999999,0.49,0.457,0.0329999999999999,6.75,10.42,-3.67
"Little, Luke",681432,2026,5,4,0.4,0.338,0.062,1.0,0.932,0.0679999999999999,0.588,0.527,0.0609999999999999,9.0,15.86,-6.86
"Burkhalter, Blake",686628,2026,5,3,0.333,0.429,-0.0959999999999999,0.333,0.551,-0.218,0.318,0.395,-0.077,9.0,7.12,1.88
"McDougal, Tanner",701780,2026,5,1,0.0,0.172,-0.172,0.0,0.177,-0.177,0.565,0.596,-0.031,27.0,24.17,2.83
"Flores Jr., Rafael",804668,2026,5,5,0.4,0.356,0.044,0.4,0.482,-0.0819999999999999,0.356,0.362,-0.006,0.0,5.77,-5.77
"Arcia, Orlando",606115,2026,5,3,0.333,0.234,0.099,0.333,0.286,0.047,0.457,0.411,0.046,9.0,7.86,1.14
"Tena, José",677588,2026,5,4,0.5,0.378,0.122,0.5,0.463,0.0369999999999999,0.496,0.43,0.066,9.0,8.84,0.16
"Ríos, Yacksel",605441,2026,5,3,0.0,0.345,-0.345,0.0,0.43,-0.43,0.0,0.335,-0.335,0.0,4.82,-4.82
"Schuemann, Max",680474,2026,5,4,0.25,0.387,-0.137,0.25,0.447,-0.197,0.318,0.43,-0.1119999999999999,0.0,8.84,-8.84
"Brooks, Aaron",605156,2026,4,2,0.5,0.189,0.311,2.0,0.556,1.444,0.861,0.502,0.359,81.0,13.65,67.35
"Kelly, Antoine",681520,2026,4,2,0.0,0.396,-0.396,0.0,0.448,-0.448,0.175,0.454,-0.279,0.0,10.23,-10.23
"Pereda, Jhonny",640902,2026,4,4,0.75,0.312,0.438,1.5,0.542,0.958,0.957,0.362,0.595,54.0,5.77,48.23
"Rojas, Josh",668942,2026,4,4,0.25,0.337,-0.087,0.25,0.399,-0.149,0.223,0.319,-0.096,0.0,4.32,-4.32
"Schmidt, Clarke",657376,2026,4,2,0.5,0.466,0.0339999999999999,0.5,0.492,0.008,0.445,0.424,0.021,0.0,8.52,-8.52
"Salazar, César",663967,2026,4,4,0.25,0.084,0.1659999999999999,1.0,0.253,0.747,0.512,0.137,0.375,9.0,0.85,8.15
"Hernández, Enrique",571771,2026,4,4,0.25,0.217,0.033,0.25,0.52,-0.27,0.223,0.306,-0.0829999999999999,0.0,3.95,-3.95
"Zuñiga, Guillo",670871,2026,4,2,0.0,0.019,-0.019,0.0,0.019,-0.019,0.175,0.187,-0.012,0.0,1.49,-1.49
"Espada, Jose",664744,2026,4,4,0.5,0.364,0.136,0.5,0.412,0.088,0.445,0.34,0.1049999999999999,0.0,4.99,-4.99
"Maile, Luke",571912,2026,3,3,0.0,0.039,-0.039,0.0,0.06,-0.06,0.0,0.044,-0.044,0.0,0.13,-0.13
"Weston, Cameron",687721,2026,3,1,0.0,0.241,-0.241,0.0,0.262,-0.262,0.233,0.381,-0.148,0.0,6.51,-6.51
"Higgins, P.J.",664731,2026,3,2,0.0,0.03,-0.03,0.0,0.045,-0.045,0.0,0.034,-0.034,0.0,0.09,-0.09
"Haggerty, Sam",664059,2026,3,2,0.0,0.057,-0.057,0.0,0.063,-0.063,0.243,0.278,-0.035,0.0,3.22,-3.22
"Meyers, Jake",676694,2026,3,3,0.0,0.407,-0.407,0.0,0.459,-0.459,0.0,0.382,-0.382,0.0,6.56,-6.56
"Short, Zack",670097,2026,3,3,0.0,0.209,-0.209,0.0,0.249,-0.249,0.0,0.204,-0.204,0.0,1.75,-1.75
"McGuire, Reese",624512,2026,3,3,0.0,0.017,-0.017,0.0,0.046,-0.046,0.0,0.027,-0.027,0.0,0.06,-0.06
"Herget, Kevin",643361,2026,3,3,0.0,0.125,-0.125,0.0,0.178,-0.178,0.0,0.128,-0.128,0.0,0.76,-0.76
"Ross, Dylan",697811,2026,3,3,0.0,0.119,-0.119,0.0,0.141,-0.141,0.0,0.108,-0.108,0.0,0.57,-0.57
"La Sorsa, Joe",686747,2026,2,1,0.5,0.4,0.0999999999999999,2.0,1.544,0.4559999999999999,1.025,0.797,0.2279999999999998,27.0,104.94,-77.94
